,year,country_origin,recognized_decisions,complementary_protection,rejected,otherwise_closed,total_decisions,disaster_deaths,disaster_affected,conflict_deaths
0,2001,Afghanistan,18450,13729,9903,18190,60272,331,200270,864
1,2001,Algeria,639,237,8562,2698,12105,921,45423,32
2,2001,Angola,1821,1623,3143,1796,8341,48,39928,1038
3,2001,Azerbaijan,873,176,2404,1871,5324,0,0,0
4,2001,Bangladesh,644,127,4770,2172,7713,232,530150,6
5,2001,Brazil,41,0,134,284,459,98,14446,0
6,2001,Burundi,2245,591,1161,663,4660,0,0,302
7,2001,Cameroon,593,42,1811,467,2908,30,1500,0
8,2001,Canada,0,0,15,5,20,0,0,0
9,2001,Central African Republic,0,0,0,0,0,0,0,16
10,2001,Chad,195,10,347,95,647,100,175763,4
11,2001,Colombia,6689,275,6574,2137,15675,85,7732,2128
12,2001,Congo,1356,96,2523,711,4681,0,0,2
13,2001,Dem. Rep. of the Congo,13404,916,8844,2128,25246,50,26,474
14,2001,Ecuador,50,10,775,297,1132,58,9530,0
15,2001,Ethiopia,4322,642,9856,1694,16514,5,31000,0
16,2001,Ghana,164,50,1283,585,2082,12,144025,0
17,2001,Guatemala,330,5,1611,4700,6646,55,120194,0
18,2001,Guinea,439,153,2907,1348,4847,9,220000,0
19,2001,India,1764,100,9888,5913,17665,20322,19558812,433
20,2001,Indonesia,658,15,3012,442,4127,524,108694,60
21,2001,Iran,0,0,0,0,0,0,0,0
22,2001,Iraq,17934,8311,26211,16790,69224,0,0,0
23,2001,Israel,26,0,271,207,504,0,0,116
24,2001,Ivory Coast,0,0,0,0,0,0,0,0
25,2001,Jamaica,15,15,420,297,747,1,200,0
26,2001,Kenya,234,80,1221,319,1854,0,0,32
27,2001,Lebanon,286,111,1388,621,2406,0,0,0
28,2001,Liberia,2373,7559,1520,791,12243,0,0,147
29,2001,"Macedonia, FYR",0,0,0,0,0,0,0,11
30,2001,Myanmar (Burma),0,0,0,0,0,0,0,104
31,2001,Nepal,98,25,1103,341,1567,144,21019,113
32,2001,Nigeria,540,165,5553,5468,11682,200,84065,336
33,2001,Pakistan,2626,416,8539,3795,15371,242,1314983,10
34,2001,Papua New Guinea,0,0,13,0,13,0,0,0
35,2001,Peru,403,36,792,446,1677,186,374558,0
36,2001,Philippines,52,0,628,468,1148,0,0,72
37,2001,Russia (Soviet Union),0,0,0,0,0,0,0,201
38,2001,Rwanda,3860,475,1563,673,6566,2,3000,1
39,2001,Senegal,7405,0,1370,587,9362,0,0,21
40,2001,Serbia (Yugoslavia),0,0,0,0,0,0,0,0
41,2001,Sierra Leone,1956,2988,4540,3419,12893,0,0,23
42,2001,Somalia,7255,4311,6279,5259,23084,0,0,90
43,2001,Spain,0,0,10,10,20,0,0,0
44,2001,Sri Lanka,5299,8700,14085,3292,31376,0,0,44
45,2001,Sudan,5703,440,7345,3005,16488,0,0,213
46,2001,Tanzania,0,0,0,0,0,0,0,37
47,2001,Thailand,0,5,784,77,866,187,454239,0
48,2001,Turkey,4829,1361,26494,9877,42561,21,3120,2
49,2001,Uganda,302,105,1544,352,2303,11,3366,67
50,2001,United Kingdom,0,0,0,0,0,0,0,1
51,2001,United States of America,0,0,51,46,97,0,0,2862
52,2001,Venezuela,0,0,0,0,0,0,0,25
53,2001,Zambia,10,0,47,5,62,0,0,7
54,2001,Zimbabwe (Rhodesia),0,0,0,0,0,0,0,0
55,2002,Afghanistan,3620,7112,13084,16635,40453,1251,106716,171
56,2002,Algeria,792,195,10399,2643,14029,42,2305,519
57,2002,Angola,1723,2360,9952,1191,15226,0,0,97
58,2002,Bangladesh,574,288,4303,2744,7909,741,1650400,0
59,2002,Brazil,44,0,216,263,523,91,3000,7
60,2002,Burundi,1543,704,1130,841,3946,0,0,614
61,2002,Central African Republic,0,0,0,0,0,1,750,42
62,2002,Chad,193,895,406,53,1547,0,0,3
63,2002,Colombia,9061,2287,11030,4764,27142,135,113013,1215
64,2002,Congo,1543,211,5025,695,7474,0,0,49
65,2002,Dem. Rep. of the Congo,8657,942,13333,3290,26230,240,112940,4617
66,2002,Ethiopia,2629,498,4799,6997,14923,22,4000,35
67,2002,Georgia,430,72,4953,3469,8924,6,19156,0
68,2002,Ghana,92,22,1138,720,1972,4,2000,0
69,2002,Guatemala,279,0,1503,5614,7396,70,1974,2
70,2002,Honduras,53,0,307,444,804,10,969,0
71,2002,India,1869,62,10585,6998,19514,715,42013300,900
72,2002,Indonesia,740,21,3946,757,5464,254,599717,286
73,2002,Iraq,9487,15219,41678,16550,82934,0,0,0
74,2002,Israel,83,5,546,278,912,0,0,340
75,2002,Ivory Coast,0,0,0,0,0,0,0,392
76,2002,Jamaica,65,15,1028,496,1604,13,26500,0
77,2002,Kenya,436,60,1185,254,1935,85,175008,13
78,2002,Laos,0,0,0,0,0,0,0,4
79,2002,Lebanon,243,76,1933,679,2931,0,0,0
80,2002,Liberia,1871,45,1802,2160,5878,0,0,1812
81,2002,Madagascar (Malagasy),0,0,0,0,0,0,0,6
82,2002,Mali,50,0,4535,157,4742,2,22519,0
83,2002,Mexico,358,0,9083,8653,18094,43,516030,0
84,2002,Myanmar (Burma),0,0,0,0,0,0,0,264
85,2002,Namibia,0,0,5,0,5,0,0,0
86,2002,Nepal,159,0,1137,320,1616,532,266065,390
87,2002,Nigeria,595,164,9259,7355,17373,0,0,114
88,2002,Pakistan,2511,232,8826,3225,14794,185,158893,127
89,2002,Papua New Guinea,0,0,13,0,13,41,5644,0
90,2002,Peru,355,10,1010,410,1785,82,97550,1
91,2002,Philippines,62,0,466,396,924,0,0,110
92,2002,Russia (Soviet Union),0,0,0,0,0,0,0,365
93,2002,Senegal,67,0,1092,128,1287,28,179000,36
94,2002,Sierra Leone,2143,1498,7288,2806,13734,0,0,1
95,2002,Somalia,7510,4254,10057,7081,28902,0,0,32
96,2002,South Africa,43,0,394,160,597,42,104066,2
97,2002,Spain,0,0,15,0,15,6,50,2
98,2002,Sri Lanka,5869,4963,15748,1944,28524,2,500000,4
99,2002,Sudan,11959,514,10758,3008,26239,0,0,780
100,2002,Thailand,0,5,909,66,980,190,3350124,0
101,2002,Tunisia,169,10,419,226,824,0,0,20
102,2002,Turkey,5764,1125,31515,9032,47436,76,255327,1
103,2002,Uganda,571,135,1591,258,2555,96,655760,637
104,2002,United Kingdom,0,0,0,0,0,0,0,1
105,2002,Venezuela,0,0,0,0,0,0,0,20
106,2003,Afghanistan,3730,3644,26921,13405,47643,112,4354,67
107,2003,Algeria,767,167,9634,2639,13212,2290,210511,58
108,2003,Angola,1842,1524,7709,967,12042,15,825,59
109,2003,Bangladesh,683,491,4658,1876,7708,430,553125,0
110,2003,Brazil,62,0,340,330,732,255,205981,6
111,2003,Burundi,2322,753,1516,1225,5816,0,0,364
112,2003,Cambodia (Kampuchea),0,0,0,0,0,0,0,1
113,2003,Central African Republic,0,0,0,0,0,0,0,6
114,2003,Chad,389,411,797,217,1814,0,0,0
115,2003,Colombia,9731,1015,13632,6736,31118,80,40531,372
116,2003,Congo,1545,1222,5759,458,8987,0,0,17
117,2003,Dem. Rep. of the Congo,9304,1268,18987,3397,32956,29,23454,3072
118,2003,Ecuador,96,40,1208,309,1653,0,0,0
119,2003,Eritrea,3257,372,4767,23849,32245,0,0,0
120,2003,Ethiopia,2839,393,6139,2862,12233,119,110000,511
121,2003,Honduras,79,5,463,550,1097,7,3000,18
122,2003,India,1413,48,11393,5741,18490,611,8095239,710
123,2003,Indonesia,672,3114,4576,2393,10755,512,666073,219
124,2003,Iran,0,0,0,0,0,0,0,0
125,2003,Iraq,3042,7920,22109,7066,40121,0,0,467
126,2003,Israel,184,0,871,301,1356,0,0,227
127,2003,Ivory Coast,0,0,0,0,0,0,0,436
128,2003,Jamaica,140,16,2229,469,2854,0,0,0
129,2003,Kenya,490,46,1363,225,2124,40,60000,0
130,2003,Laos,0,0,0,0,0,0,0,5
131,2003,Lebanon,335,91,2362,735,3523,0,0,0
132,2003,Liberia,14899,158,2915,1364,19340,0,0,1960
133,2003,Morocco,30,20,557,204,811,35,10000,34
134,2003,Myanmar (Burma),0,0,0,0,0,0,0,211
135,2003,Nepal,214,10,1157,256,1637,239,59254,248
136,2003,Nigeria,786,92,11292,3828,15988,16,210000,128
137,2003,Pakistan,2966,209,11707,2945,17811,266,1266243,194
138,2003,Peru,570,20,1311,569,2470,361,1905350,2
139,2003,Philippines,63,0,676,796,1535,0,0,137
140,2003,Russia (Soviet Union),0,0,0,0,0,0,0,84
141,2003,Saudi Arabia,54,0,25,21,100,12,50,26
142,2003,Senegal,88,0,856,123,1067,8,7769,0
143,2003,Somalia,9591,3273,12282,2836,27982,1,300,34
144,2003,Spain,0,0,5,10,15,5,200,0
145,2003,Sri Lanka,3694,2009,12648,1426,19759,235,695000,1
146,2003,Sudan,10259,206,6067,1346,17865,0,0,1869
147,2003,Thailand,5,5,749,91,850,9,107700,1
148,2003,Turkey,5817,852,34259,6191,47114,178,290522,59
149,2003,Uganda,511,174,1943,241,2869,25,2200,696
150,2003,United Kingdom,0,0,0,0,0,0,0,1
151,2003,Venezuela,0,0,0,0,0,0,0,23
152,2003,Yemen (North Yemen),0,0,0,0,0,0,0,0
153,2003,Zimbabwe (Rhodesia),0,0,0,0,0,0,0,0
154,2004,Afghanistan,3316,2424,15767,13382,34889,18,3040,77
155,2004,Algeria,480,141,8568,2613,11802,3,27545,95
156,2004,Angola,986,1053,5623,671,8333,28,333700,13
157,2004,Azerbaijan,805,237,4984,975,7001,0,0,3
158,2004,Bangladesh,731,462,5464,2951,9608,847,36888750,25
159,2004,Bhutan,15,107,96,101,319,0,0,0
160,2004,Brazil,114,0,780,1248,2142,39,155314,6
161,2004,Burundi,1707,746,1324,2314,6091,3,120,259
162,2004,Cameroon,1333,196,4602,865,6996,0,0,0
163,2004,Central African Republic,0,0,0,0,0,3,12698,23
164,2004,Chad,345,15,855,88,1303,0,0,28
165,2004,Colombia,9501,126,12096,5557,27280,116,531984,296
166,2004,Dem. Rep. of the Congo,8853,805,17523,3442,30623,0,0,735
167,2004,Egypt,533,25,970,378,1906,0,0,34
168,2004,Ethiopia,2526,455,5532,2009,10522,0,0,243
169,2004,Georgia,953,110,6829,3755,11647,1,90,3
170,2004,Guatemala,404,0,2399,32165,34968,0,0,1
171,2004,Haiti,2424,5,8447,4022,14898,5422,353377,16
172,2004,Honduras,101,0,472,534,1107,0,0,28
173,2004,India,1012,26,8900,7074,17012,17704,33855512,400
174,2004,Indonesia,1115,11627,2143,1187,16072,165917,714154,93
175,2004,Iraq,1540,3676,25443,10908,41567,0,0,281
176,2004,Israel,159,0,777,297,1233,0,0,99
177,2004,Ivory Coast,0,0,0,0,0,0,0,61
178,2004,Kenya,382,52,1052,268,1754,134,2312000,0
179,2004,Laos,0,0,0,0,0,0,0,4
180,2004,Mali,50,0,1645,555,2250,0,0,0
181,2004,Mexico,769,0,3169,11658,15596,38,4090,2
182,2004,Mozambique,10,5,25,5,45,0,0,0
183,2004,Myanmar (Burma),0,0,0,0,0,0,0,104
184,2004,Nepal,308,10,1031,318,1667,185,800015,271
185,2004,Niger,51,5,371,112,539,0,0,0
186,2004,Nigeria,904,257,15185,4165,20511,94,13900,61
187,2004,Pakistan,2491,245,13266,3788,19790,24,13148,92
188,2004,Peru,639,20,1307,479,2445,101,2137543,0
189,2004,Philippines,77,5,940,537,1559,0,0,139
190,2004,Qatar,0,0,15,5,20,0,0,0
191,2004,Russia (Soviet Union),0,0,0,0,0,0,0,519
192,2004,Rwanda,2743,111,1392,5941,10187,0,0,0
193,2004,Saudi Arabia,19,5,75,15,114,5,430,32
194,2004,Senegal,117,5,618,181,921,0,0,0
195,2004,Somalia,7590,4170,11051,3397,26208,298,105083,20
196,2004,South Africa,25,0,521,88,634,0,0,0
197,2004,Spain,0,0,20,22,42,3,1100,191
198,2004,Sri Lanka,2349,1130,7837,1135,12451,35405,1219306,7
199,2004,Sudan,4046,449,4623,1975,11093,0,0,6074
200,2004,Syria,0,0,0,0,0,0,0,7
201,2004,Thailand,0,0,242,67,309,8362,578117,40
202,2004,Turkey,4520,869,26855,6455,38699,61,56122,13
203,2004,Uganda,441,127,1334,246,2148,0,0,813
204,2004,United Kingdom,0,0,0,0,0,0,0,1
205,2004,Uzbekistan,287,98,1626,297,2308,0,0,2
206,2004,Venezuela,0,0,0,0,0,0,0,30
207,2004,Yemen (North Yemen),0,0,0,0,0,0,0,0
208,2005,Afghanistan,2514,2417,12382,6520,23833,276,18544,196
209,2005,Algeria,678,71,5617,1775,8141,11,70,26
210,2005,Angola,875,559,4077,1353,6864,0,0,7
211,2005,Armenia,1688,382,5053,1443,8566,0,0,0
212,2005,Azerbaijan,1156,602,5470,1203,8431,0,0,0
213,2005,Bangladesh,1103,234,6810,2500,10647,258,1173000,16
214,2005,Brazil,66,0,278,601,945,49,41344,32
215,2005,Burundi,1927,965,1267,1663,5822,120,2150000,113
216,2005,Cameroon,1087,112,3262,811,5272,0,0,0
217,2005,Central African Republic,0,0,0,0,0,1,23805,8
218,2005,Chad,421,15,690,270,1396,0,0,167
219,2005,China,4743,197,20354,6368,31662,941,66773825,12
220,2005,Colombia,8270,259,8223,4868,21620,180,601866,164
221,2005,Congo,1332,181,3996,779,6288,0,0,6
222,2005,Dem. Rep. of the Congo,7957,791,15363,4461,28572,6,1505,271
223,2005,Egypt,410,29,924,351,1714,0,0,88
224,2005,Ethiopia,3549,780,4339,2700,11368,156,235418,57
225,2005,Gambia,72,10,664,320,1066,0,0,8
226,2005,Guatemala,415,0,2445,28615,31475,1583,477849,2
227,2005,Guinea,1135,144,3951,1082,6312,0,0,3
228,2005,Haiti,3152,0,10330,5057,18539,70,39478,39
229,2005,India,770,51,7055,4253,12129,3660,28443213,537
230,2005,Indonesia,5986,186,1968,1096,9236,1095,126797,32
231,2005,Iran,0,0,0,0,0,0,0,1
232,2005,Iraq,1831,5754,18251,4955,30791,0,0,1016
233,2005,Israel,201,5,610,195,1011,0,0,70
234,2005,Ivory Coast,0,0,0,0,0,0,0,9
235,2005,Jordan,96,27,635,272,1030,0,0,59
236,2005,Kenya,238,19,826,311,1394,53,3536200,7
237,2005,Lebanon,223,79,1936,573,2811,0,0,0
238,2005,Mali,94,0,1541,580,2215,0,0,0
239,2005,Mexico,786,0,3597,9719,14102,78,2982571,0
240,2005,Mozambique,0,0,15,5,20,16,29012,1
241,2005,Myanmar (Burma),0,0,0,0,0,0,0,191
242,2005,Nepal,460,22,1262,431,2175,51,1600,194
243,2005,Nigeria,805,253,10432,3287,14777,60,3004,9
244,2005,Pakistan,1655,189,9098,3566,14508,74080,12655552,25
245,2005,Peru,392,16,1055,493,1956,5,2505,0
246,2005,Philippines,57,15,423,348,843,0,0,30
247,2005,Russia (Soviet Union),0,0,0,0,0,0,0,50
248,2005,Saudi Arabia,28,10,20,29,87,29,67,0
249,2005,Senegal,73,0,365,150,588,0,0,45
250,2005,Somalia,17799,3573,6757,3313,31442,12,7520,20
251,2005,Sri Lanka,2920,257,7675,1665,12517,6,145000,12
252,2005,Sudan,12084,915,3804,1511,18314,0,0,655
253,2005,Tajikistan,40,5,165,48,258,24,5175,0
254,2005,Thailand,92,5,148,44,289,86,821310,136
255,2005,Togo,784,258,2105,14360,17507,0,0,386
256,2005,Turkey,3749,563,18080,5550,27942,34,581,7
257,2005,Uganda,2352,38,924,235,3549,0,0,279
258,2005,United Kingdom,0,0,0,0,0,0,0,53
259,2005,Venezuela,0,0,0,0,0,0,0,28
260,2006,Afghanistan,1964,2522,9318,4023,17827,286,332175,455
261,2006,Algeria,252,129,3520,739,4645,5,60319,45
262,2006,Angola,338,341,2349,372,3405,0,0,0
263,2006,Armenia,988,302,3793,1048,6131,0,0,0
264,2006,Azerbaijan,389,410,1757,620,3176,0,0,0
265,2006,Bangladesh,631,180,8037,1939,10782,150,17999,5
266,2006,Brazil,84,5,316,219,624,8,116000,5
267,2006,Burundi,872,623,798,1192,3480,11,8200,50
268,2006,Central African Republic,0,0,0,0,0,0,0,141
269,2006,Chad,489,10,1351,1279,3129,0,0,570
270,2006,Colombia,6382,260,6120,4748,17510,150,221465,94
271,2006,Dem. Rep. of the Congo,5081,565,10216,6720,22582,4,80566,210
272,2006,Egypt,476,15,1131,374,1996,0,0,0
273,2006,Ethiopia,3435,602,4442,3409,11903,951,424146,20
274,2006,Guinea,1045,191,3341,542,5119,0,0,15
275,2006,India,903,47,4700,3457,9097,1175,7334478,653
276,2006,Indonesia,1203,21,2210,872,4306,7376,3957203,3
277,2006,Iran,0,0,0,0,0,0,0,0
278,2006,Iraq,2531,6745,10806,6125,26207,20,18020,710
279,2006,Israel,72,16,384,245,717,0,0,129
280,2006,Ivory Coast,0,0,0,0,0,0,0,8
281,2006,Kenya,203,10,679,246,1138,212,783300,24
282,2006,Kyrgyzstan,106,20,325,142,593,0,0,0
283,2006,Laos,0,0,0,0,0,0,0,73
284,2006,Lebanon,157,91,1407,923,2578,0,0,535
285,2006,Mexico,1040,0,2827,6096,9963,15,270700,1
286,2006,Myanmar (Burma),0,0,0,0,0,0,0,170
287,2006,Nepal,525,41,1396,395,2357,147,80000,108
288,2006,Nigeria,507,534,7947,1769,10732,40,1000,19
289,2006,Pakistan,1377,265,8254,2759,12670,473,8230,29
290,2006,Peru,220,10,980,306,1516,0,0,5
291,2006,Philippines,49,11,346,281,687,0,0,21
292,2006,Russia (Soviet Union),0,0,0,0,0,0,0,11
293,2006,Saudi Arabia,33,0,20,11,64,0,0,2
294,2006,Senegal,170,15,426,95,706,0,0,1
295,2006,Somalia,25690,2956,3918,12694,45273,97,486500,82
296,2006,Sri Lanka,2047,249,6447,1364,10117,25,333002,356
297,2006,Sudan,5158,899,3005,881,9958,0,0,764
298,2006,Tajikistan,25,19,25,60,129,25,29155,0
299,2006,Thailand,54,0,98,46,198,280,2555308,95
300,2006,Turkey,1944,522,11741,2701,16948,47,63015,7
301,2006,Uganda,214,74,643,185,1116,3,1680,57
302,2006,United Kingdom,0,0,0,0,0,0,0,0
303,2006,Venezuela,0,0,0,0,0,0,0,21
304,2007,Afghanistan,2831,3253,8121,3107,17308,260,30255,645
305,2007,Algeria,284,170,3110,1087,4651,15,1305,31
306,2007,Angola,414,286,1553,329,2582,105,40000,1
307,2007,Azerbaijan,657,293,1419,559,2928,0,0,0
308,2007,Bangladesh,655,459,7886,1601,10601,5635,22930206,0
309,2007,Brazil,63,0,134,333,530,66,202638,5
310,2007,Burundi,1162,685,1244,313,3404,4,23000,20
311,2007,Cambodia (Kampuchea),0,0,0,0,0,0,0,2
312,2007,Central African Republic,0,0,0,0,0,1,7812,129
313,2007,Chad,588,15,754,779,2136,15,173000,220
314,2007,China,5916,415,12048,4918,23297,1119,118848776,0
315,2007,Colombia,3909,2196,8499,1827,16431,218,2671487,49
316,2007,Congo,602,136,2053,396,3187,0,0,0
317,2007,Dem. Rep. of the Congo,5573,3108,8544,3470,20695,32,1600,254
318,2007,Ethiopia,4072,689,3862,6873,15496,22,241586,240
319,2007,France,0,0,15,25,40,0,0,0
320,2007,Guatemala,556,0,5330,9258,15144,11,656,5
321,2007,Guinea,1340,230,2845,583,4998,0,0,42
322,2007,India,530,71,4292,2748,7641,2061,38143025,553
323,2007,Indonesia,657,0,1441,747,2845,561,1191564,2
324,2007,Iran,0,0,0,0,0,0,0,1
325,2007,Iraq,17358,16579,13889,7722,55546,0,0,1707
326,2007,Israel,47,5,324,148,524,0,0,58
327,2007,Ivory Coast,0,0,0,0,0,0,0,2
328,2007,Kenya,2929,36,733,221,3919,39,42657,125
329,2007,Mali,317,42,693,135,1187,18,88858,12
330,2007,Mauritania,487,10,1601,384,2482,3,54120,4
331,2007,Mexico,491,0,3080,5215,8786,36,1773000,6
332,2007,Myanmar (Burma),0,0,0,0,0,0,0,286
333,2007,Nepal,478,61,1304,440,2283,214,640706,1
334,2007,Niger,25,23,260,57,365,0,0,20
335,2007,Nigeria,444,676,8567,2234,11921,68,50000,4
336,2007,Pakistan,1035,330,13792,3379,18536,729,1652711,180
337,2007,Peru,197,5,2794,256,3252,677,1590617,1
338,2007,Philippines,37,16,335,231,619,0,0,40
339,2007,Russia (Soviet Union),0,0,0,0,0,0,0,4
340,2007,Saudi Arabia,5,0,10,18,33,0,0,0
341,2007,Somalia,19374,4974,3491,28515,56354,25,10012,277
342,2007,Sri Lanka,4020,577,6678,1802,13077,33,156000,104
343,2007,Sudan,1432,535,2653,1456,6076,0,0,203
344,2007,Tanzania,0,0,0,0,0,0,0,3
345,2007,Thailand,5,5,78,47,135,15,182000,140
346,2007,Turkey,2079,714,8820,2741,14354,16,3186,13
347,2007,Uganda,245,27,706,472,1450,33,721045,20
348,2007,Venezuela,0,0,0,0,0,0,0,14
349,2007,Zimbabwe (Rhodesia),0,0,0,0,0,0,0,0
350,2008,Afghanistan,4170,4250,11588,3203,23211,1317,170684,745
351,2008,Algeria,154,113,2133,960,3360,93,59050,57
352,2008,Angola,253,251,891,120,1515,7,81400,1
353,2008,Azerbaijan,521,135,1363,277,2296,0,0,0
354,2008,Bangladesh,539,184,6684,1026,8433,68,636090,3
355,2008,Brazil,64,0,174,144,377,203,1753991,10
356,2008,Burundi,1673,158,1170,270,3271,9,3275,8
357,2008,Cambodia (Kampuchea),0,0,0,0,0,0,0,0
358,2008,Cameroon,695,106,1733,597,3131,9,25000,0
359,2008,Central African Republic,0,0,0,0,0,0,0,8
360,2008,Chad,726,81,963,959,2729,0,0,4
361,2008,China,5592,425,11711,2927,20655,88376,133138935,51
362,2008,Colombia,3310,4373,7609,1918,17210,130,1209868,42
363,2008,Congo,369,96,1252,1000,2717,0,0,0
364,2008,Dem. Rep. of the Congo,10568,527,6026,7244,24365,36,17865,909
365,2008,Djibouti,47,0,25,0,72,0,0,0
366,2008,Ecuador,35,5,115,140,295,41,289122,0
367,2008,Egypt,418,5,1041,393,1857,98,697,0
368,2008,Eritrea,17383,13852,2531,26061,59827,0,0,0
369,2008,Ethiopia,5463,796,3828,4035,14122,45,116440,1
370,2008,Georgia,290,566,5914,1300,8070,0,0,3
371,2008,Ghana,57,129,2066,345,2597,0,0,9
372,2008,Guatemala,459,0,2989,5976,9424,30,197300,0
373,2008,Guyana,29,0,77,37,143,0,0,20
374,2008,Honduras,57,5,165,308,535,67,313357,0
375,2008,India,501,39,3575,2003,6118,1590,13928790,627
376,2008,Indonesia,496,0,1339,659,2494,123,391408,5
377,2008,Iran,0,0,0,0,0,0,0,0
378,2008,Iraq,19735,8408,19181,5858,53182,4,600,554
379,2008,Israel,46,15,278,141,480,0,0,126
380,2008,Ivory Coast,0,0,0,0,0,0,0,4
381,2008,Kenya,335,49,853,272,1509,67,3851758,273
382,2008,Lebanon,185,85,1878,573,2721,0,0,0
383,2008,Libya,61,48,873,252,1234,0,0,0
384,2008,Mali,750,354,1837,147,3088,0,0,11
385,2008,Mauritania,322,37,1231,163,1753,0,0,0
386,2008,Mexico,767,0,4281,5232,10280,14,520000,6
387,2008,Myanmar (Burma),0,0,0,0,0,0,0,51
388,2008,Nepal,518,72,1224,395,2209,115,250003,0
389,2008,Niger,34,12,266,70,382,0,0,10
390,2008,Nigeria,502,595,9659,3163,13919,0,0,146
391,2008,Pakistan,1038,228,14316,2182,17764,239,366084,561
392,2008,Peru,123,17,2541,251,2932,40,450012,0
393,2008,Philippines,42,0,460,170,672,0,0,116
394,2008,Russia (Soviet Union),0,0,0,0,0,0,0,17
395,2008,Senegal,90,66,1215,129,1500,1,23600,2
396,2008,Somalia,16200,8284,6272,7024,37780,0,0,431
397,2008,Spain,0,0,0,10,10,0,0,0
398,2008,Sri Lanka,4690,1260,6501,1556,14002,57,826905,249
399,2008,Sudan,1841,4027,2481,3380,11729,0,0,485
400,2008,Syria,0,0,0,0,0,0,0,0
401,2008,Thailand,5,0,78,91,174,39,1539573,67
402,2008,Turkey,1723,455,5970,1932,10080,2,300,27
403,2008,Uganda,249,33,508,198,988,49,30040,1
404,2008,Venezuela,0,0,0,0,0,0,0,25
405,2008,Yemen (North Yemen),0,0,0,0,0,0,0,7
406,2008,Zimbabwe (Rhodesia),0,0,0,0,0,0,0,248
407,2009,Afghanistan,7806,6013,13635,8471,35925,90,65857,1080
408,2009,Algeria,121,90,3172,1000,4383,33,2548,48
409,2009,Angola,174,170,1066,103,1513,62,220415,0
410,2009,Azerbaijan,441,117,1474,396,2428,0,0,0
411,2009,Bangladesh,570,199,9384,1810,11956,338,4504550,2
412,2009,Brazil,72,5,206,224,507,168,1168012,5
413,2009,Cambodia (Kampuchea),0,0,0,0,0,0,0,0
414,2009,Cameroon,775,96,2041,921,3830,0,0,0
415,2009,Central African Republic,0,0,0,0,0,4,13472,155
416,2009,Chad,880,11,786,1026,2703,6,12915,8
417,2009,China,8047,419,10315,11022,29787,425,67400403,11
418,2009,Colombia,30185,67,4990,1822,37064,53,31257,42
419,2009,Dem. Rep. of the Congo,11788,453,7671,2637,22549,0,0,3006
420,2009,Egypt,522,48,1119,811,2500,0,0,0
421,2009,Ethiopia,6100,339,5638,2497,14574,0,0,7
422,2009,Ghana,81,168,2980,940,4169,40,159545,0
423,2009,Guatemala,501,5,1673,5316,7495,36,3028,0
424,2009,Guinea,1017,460,3084,1111,5672,2,40000,160
425,2009,India,641,57,4972,2409,8079,1715,11095118,404
426,2009,Iran,0,0,0,0,0,0,0,30
427,2009,Iraq,14478,5521,20404,6707,47110,2,3000,587
428,2009,Israel,57,5,372,173,607,0,0,286
429,2009,Ivory Coast,0,0,0,0,0,0,0,1
430,2009,Kenya,673,46,1009,490,2218,56,136200,40
431,2009,Madagascar (Malagasy),0,0,0,0,0,0,0,31
432,2009,Mali,167,670,869,379,2085,25,20406,1
433,2009,Mauritania,379,54,1538,382,2353,1,10000,1
434,2009,Mexico,734,0,3768,6741,11243,21,104514,23
435,2009,Myanmar (Burma),0,0,0,0,0,0,0,20
436,2009,Nepal,640,65,1520,986,3211,87,257786,0
437,2009,Nigeria,713,854,15465,4464,21496,0,0,18
438,2009,Pakistan,1225,402,11790,2057,15474,102,75080,431
439,2009,Peru,109,15,1208,227,1559,524,261885,6
440,2009,Philippines,35,5,675,367,1082,0,0,99
441,2009,Russia (Soviet Union),0,0,0,0,0,0,0,24
442,2009,Rwanda,1675,33,972,5780,8460,0,0,2
443,2009,Senegal,132,120,976,341,1569,6,264000,8
444,2009,Somalia,11212,12692,7804,6294,38002,0,0,452
445,2009,Spain,0,0,10,10,20,0,0,0
446,2009,Sri Lanka,5289,1626,7140,1868,15923,3,300000,6683
447,2009,Sudan,5133,184,2693,3798,11808,0,0,405
448,2009,Tajikistan,38,5,88,81,212,21,15000,0
449,2009,Thailand,5,5,71,88,169,15,200000,91
450,2009,Turkey,1467,520,6187,1960,10134,58,35137,9
451,2009,Uganda,243,34,1482,170,1929,0,0,20
452,2009,United Kingdom,0,0,0,0,0,0,0,0
453,2009,Uzbekistan,531,99,1287,589,2506,0,0,0
454,2009,Venezuela,0,0,0,0,0,0,0,25
455,2009,Yemen (North Yemen),0,0,0,0,0,0,0,41
456,2009,Zimbabwe (Rhodesia),0,0,0,0,0,0,0,0
457,2010,Afghanistan,8469,7939,16511,8756,41675,315,46200,1157
458,2010,Algeria,119,83,3441,1290,4933,0,0,26
459,2010,Angola,280,167,1231,123,1801,25,114781,6
460,2010,Azerbaijan,430,190,2496,455,3571,3,70000,0
461,2010,Bangladesh,943,118,10037,656,11754,107,812390,1
462,2010,Brazil,69,5,216,241,531,363,244938,0
463,2010,Central African Republic,0,0,0,0,0,3,1585,103
464,2010,Chad,645,5,456,400,1506,24,144579,0
465,2010,Colombia,3739,6568,5778,20427,36512,418,2791999,47
466,2010,Dem. Rep. of the Congo,13968,733,9226,1286,25213,54,3937,512
467,2010,Egypt,640,34,1654,685,3013,43,3540,0
468,2010,Ethiopia,10116,225,7953,4067,22361,19,25000,0
469,2010,Georgia,207,644,6157,2695,9703,0,0,0
470,2010,Ghana,61,31,2830,507,3429,63,17174,0
471,2010,Guinea,1319,461,4130,1375,7285,8,48026,1
472,2010,Honduras,223,0,663,727,1613,140,29685,0
473,2010,India,511,29,5525,1982,8047,684,4236988,602
474,2010,Iran,0,0,0,0,0,0,0,26
475,2010,Iraq,11075,4310,12981,4805,33171,0,0,480
476,2010,Israel,81,0,451,176,708,44,20022,13
477,2010,Ivory Coast,0,0,0,0,0,0,0,33
478,2010,Kenya,400,66,1324,1554,3344,194,211164,0
479,2010,Kyrgyzstan,107,35,750,330,1222,0,0,5
480,2010,Mali,173,769,621,352,1915,0,0,2
481,2010,Mauritania,410,76,2011,237,2734,0,0,0
482,2010,Mexico,821,0,4010,6216,11047,111,1600307,81
483,2010,Mozambique,0,5,1165,0,1170,5,17000,7
484,2010,Myanmar (Burma),0,0,0,0,0,0,0,30
485,2010,Nigeria,875,316,12732,3986,17909,40,1500200,94
486,2010,Pakistan,1330,308,11514,1958,15110,2118,20397901,972
487,2010,Peru,118,10,725,1462,2315,497,138654,3
488,2010,Philippines,38,5,647,291,981,0,0,58
489,2010,Russia (Soviet Union),0,0,0,0,0,0,0,49
490,2010,Senegal,149,94,706,375,1324,2,22125,3
491,2010,Somalia,16300,11018,7390,4619,39327,20011,4000200,400
492,2010,South Africa,10,19,414,58,501,40,6000,1
493,2010,Sudan,2161,175,2792,1648,6776,0,0,291
494,2010,Tajikistan,37,15,230,103,385,75,8622,0
495,2010,Thailand,18,0,202,124,344,258,8970653,106
496,2010,Turkey,1955,297,7783,2927,12962,64,3806,7
497,2010,Uganda,348,71,1852,180,2451,388,12795,74
498,2010,United Arab Emirates,10,0,5,0,15,0,0,0
499,2010,United States of America,11,0,884,171,1066,0,0,0
500,2010,Venezuela,0,0,0,0,0,0,0,22
501,2010,Yemen (North Yemen),0,0,0,0,0,0,0,3
502,2011,Afghanistan,9378,9209,18761,12058,49406,83,12815,1003
503,2011,Algeria,206,80,4171,1466,5923,10,793,17
504,2011,Angola,159,152,1238,95,1644,113,65084,0
505,2011,Azerbaijan,389,134,2176,318,3017,0,0,3
506,2011,Bahrain,135,0,54,14,203,0,0,11
507,2011,Bangladesh,623,114,11893,748,13378,85,1672680,0
508,2011,Brazil,68,10,256,317,651,978,1215600,1
509,2011,Burundi,2196,42,1274,219,3731,12,50,1
510,2011,Cambodia (Kampuchea),0,0,0,0,0,0,0,2
511,2011,Central African Republic,0,0,0,0,0,1,1831,90
512,2011,Colombia,4668,116,11121,1945,17850,313,1487698,27
513,2011,Congo,486,132,2088,2066,4772,0,0,0
514,2011,Dem. Rep. of the Congo,11624,564,9948,5260,27391,0,0,191
515,2011,Egypt,1476,83,2004,757,4322,0,0,0
516,2011,Ethiopia,8971,337,11921,19781,41011,0,0,1
517,2011,Georgia,515,89,4923,3604,9131,7,1750,0
518,2011,Guatemala,669,10,1301,3386,5366,57,535228,27
519,2011,Guinea,1686,429,5278,1263,8656,0,0,0
520,2011,Honduras,342,5,834,869,2050,33,69798,0
521,2011,India,525,49,5086,2394,8054,759,12829319,231
522,2011,Indonesia,233,5,650,627,1515,85,9276,2
523,2011,Iran,0,0,0,0,0,0,0,2
524,2011,Iraq,12214,3799,10004,5199,31216,6,2001,400
525,2011,Israel,51,5,428,169,653,0,0,21
526,2011,Ivory Coast,0,0,0,0,0,0,0,975
527,2011,Kenya,375,46,908,377,1706,33,95692,9
528,2011,Lebanon,238,41,1264,366,1909,0,0,3
529,2011,Libya,364,309,1651,968,3292,0,0,227
530,2011,Mali,167,484,1843,392,2886,1,15415,4
531,2011,Mauritania,406,45,2576,240,3267,0,0,1
532,2011,Mexico,1385,0,5486,7754,14625,115,900602,197
533,2011,Myanmar (Burma),0,0,0,0,0,0,0,113
534,2011,Nigeria,1192,483,11492,3362,16527,175,30927,187
535,2011,Pakistan,2644,487,14338,2827,20295,511,5401755,392
536,2011,Peru,76,10,756,238,1080,93,839066,3
537,2011,Philippines,28,10,677,328,1043,0,0,50
538,2011,Russia (Soviet Union),0,0,0,0,0,0,0,50
539,2011,Rwanda,858,45,2213,303,3419,14,3608,0
540,2011,Senegal,260,100,1255,606,2221,0,0,12
541,2011,Somalia,13760,7431,4852,4182,30225,0,0,345
542,2011,South Sudan,0,0,0,0,0,0,0,34
543,2011,Spain,0,0,27,56,83,11,17700,1
544,2011,Sri Lanka,3335,408,10842,1418,15993,87,1320365,2
545,2011,Sudan,8211,338,2924,1625,13098,0,0,627
546,2011,Syria,0,0,0,0,0,0,0,2741
547,2011,Tajikistan,66,10,205,170,451,0,0,0
548,2011,Thailand,10,0,222,52,284,896,11216126,119
549,2011,Tunisia,67,38,4342,2573,7020,0,0,0
550,2011,Turkey,1182,243,7261,1194,9875,655,43167,53
551,2011,United Kingdom,0,0,0,0,0,0,0,0
552,2011,Venezuela,0,0,0,0,0,0,0,10
553,2011,Yemen (North Yemen),0,0,0,0,0,0,0,147
554,2011,Zimbabwe (Rhodesia),0,0,0,0,0,0,0,1
555,2012,Afghanistan,12865,6980,17169,8484,45817,313,38120,902
556,2012,Algeria,178,50,5553,2025,7926,69,101,23
557,2012,Armenia,402,286,6693,928,8376,0,0,0
558,2012,Azerbaijan,278,57,1899,284,2530,0,0,0
559,2012,Bangladesh,771,160,16523,1331,18799,344,5408154,0
560,2012,Brazil,67,0,216,407,690,3,89000,6
561,2012,Burundi,2386,17,2061,1239,5703,0,0,0
562,2012,Cambodia (Kampuchea),0,0,0,0,0,0,0,1
563,2012,Central African Republic,0,0,0,0,0,0,0,73
564,2012,Colombia,4016,30,26332,9454,39911,77,81518,22
565,2012,Congo,533,107,2304,283,3232,0,0,0
566,2012,Dem. Rep. of the Congo,29553,272,14257,11458,55698,1,4535,583
567,2012,Egypt,2554,114,2903,971,6565,0,0,0
568,2012,Ethiopia,7680,180,11531,7772,27293,0,0,88
569,2012,France,0,0,23,51,74,0,0,4
570,2012,Guinea,1216,469,6334,1610,9691,0,0,9
571,2012,Honduras,390,50,785,1243,2468,0,0,0
572,2012,India,367,20,6969,1984,9345,319,4318360,273
573,2012,Indonesia,242,0,681,653,1576,95,50925,1
574,2012,Iran,0,0,0,0,0,0,0,0
575,2012,Iraq,13792,2503,8181,5257,29968,0,0,754
576,2012,Israel,34,0,273,170,477,0,0,52
577,2012,Ivory Coast,0,0,0,0,0,0,0,19
578,2012,Kenya,627,40,976,357,2000,73,280670,34
579,2012,Lebanon,209,30,1263,359,1861,0,0,1
580,2012,Libya,338,113,1355,724,2547,0,0,0
581,2012,Madagascar (Malagasy),0,0,0,0,0,0,0,15
582,2012,Mali,381,2297,1455,447,4585,0,0,24
583,2012,Mauritania,333,58,2790,301,3487,0,0,1
584,2012,Mexico,1144,5,3641,10863,15653,9,136011,28
585,2012,Mozambique,0,5,1327,0,1332,33,110000,0
586,2012,Myanmar (Burma),0,0,0,0,0,0,0,114
587,2012,Niger,42,50,614,257,975,0,0,0
588,2012,Nigeria,1020,817,17063,4326,23492,378,7015867,862
589,2012,Pakistan,3675,786,21101,4668,30314,506,5050564,400
590,2012,Papua New Guinea,49,0,16,0,65,5,200000,0
591,2012,Philippines,41,0,508,418,967,0,0,30
592,2012,Russia (Soviet Union),0,0,0,0,0,0,0,6
593,2012,Rwanda,881,5,1465,1255,3616,5,11160,2
594,2012,Senegal,211,146,1996,936,3311,19,57000,4
595,2012,Somalia,12986,5727,4952,6499,30299,31,32200,265
596,2012,South Sudan,298,5,14,472,789,47,157000,90
597,2012,Sudan,7066,372,2884,6879,17221,0,0,252
598,2012,Syria,0,0,0,0,0,0,0,21053
599,2012,Thailand,25,11,149,48,233,0,0,122
600,2012,Tunisia,42,97,1977,3010,5240,0,0,0
601,2012,Turkey,1221,207,6115,1018,8883,0,0,21
602,2012,Venezuela,0,0,0,0,0,0,0,9
603,2012,Yemen (North Yemen),0,0,0,0,0,0,0,46
604,2012,Zimbabwe (Rhodesia),0,0,0,0,0,0,0,1
605,2013,Afghanistan,13217,9192,15721,9834,47964,124,21628,922
606,2013,Algeria,224,99,5161,3861,9345,0,0,27
607,2013,Angola,716,108,1548,175,2547,9,1000,0
608,2013,Armenia,402,447,7142,1034,9025,0,0,0
609,2013,Azerbaijan,395,119,2024,358,2896,0,0,0
610,2013,Bangladesh,920,415,16356,2709,20400,50,1532207,11
611,2013,Brazil,44,20,114,245,423,121,261274,0
612,2013,Burundi,581,51,2080,1615,4327,0,0,9
613,2013,Cameroon,641,142,3258,940,4981,0,0,1
614,2013,Central African Republic,0,0,0,0,0,0,0,2541
615,2013,Colombia,2199,56,12531,3277,18063,7,51781,4
616,2013,Dem. Rep. of the Congo,34857,417,17326,9854,62454,0,0,598
617,2013,Egypt,3272,370,3048,1209,7899,0,0,8
618,2013,Ethiopia,7863,390,10450,7582,26285,0,0,11
619,2013,Guinea,1489,377,6452,1415,9733,0,0,0
620,2013,India,599,50,6377,1845,8871,6431,14708827,198
621,2013,Indonesia,210,0,322,610,1142,160,588327,4
622,2013,Iran,0,0,0,0,0,0,0,0
623,2013,Iraq,17384,2729,7414,6096,33623,0,0,1379
624,2013,Israel,17,16,167,134,334,4,2003000,1
625,2013,Ivory Coast,0,0,0,0,0,0,0,0
626,2013,Kenya,210,30,960,259,1459,114,110800,77
627,2013,Lebanon,232,162,1534,380,2308,0,0,52
628,2013,Libya,570,150,1046,604,2370,16,2000,0
629,2013,Malaysia,32,0,234,44,310,4,75000,2
630,2013,Mali,611,1496,2041,1135,5283,37,34700,57
631,2013,Mexico,623,10,2401,9663,12697,210,172000,39
632,2013,Mozambique,0,0,3193,5,3198,119,240000,6
633,2013,Myanmar (Burma),0,0,0,0,0,0,0,35
634,2013,Niger,28,78,435,200,741,0,0,1
635,2013,Nigeria,787,1533,16146,4616,23082,19,81506,857
636,2013,Pakistan,4814,1181,24231,8162,38388,730,1698756,838
637,2013,Peru,50,13,280,240,583,69,273822,0
638,2013,Philippines,20,0,340,294,654,0,0,39
639,2013,Russia (Soviet Union),0,0,0,0,0,0,0,48
640,2013,Rwanda,662,26,1398,3614,5700,0,0,1
641,2013,Senegal,329,276,2845,1610,5060,8,163306,3
642,2013,Somalia,14413,6943,7018,7092,35466,169,192380,238
643,2013,South Sudan,1853,0,201,179,2233,99,581000,904
644,2013,Sri Lanka,3250,568,9534,2246,15598,117,81300,5
645,2013,Sudan,4577,320,2881,2684,10462,0,0,90
646,2013,Syria,0,0,0,0,0,0,0,20017
647,2013,Tajikistan,76,32,169,149,426,0,0,0
648,2013,Thailand,5,0,125,54,184,84,3515254,61
649,2013,Tunisia,81,107,2276,2841,5305,0,0,0
650,2013,Turkey,1168,529,6545,1281,9523,0,0,3
651,2013,Venezuela,0,0,0,0,0,0,0,6
652,2013,Yemen (North Yemen),0,0,0,0,0,0,0,34
653,2014,Afghanistan,11941,8620,16159,27674,64394,512,150135,870
654,2014,Algeria,214,103,4192,2938,7447,6,420,1
655,2014,Angola,135,126,1167,284,1712,0,0,0
656,2014,Azerbaijan,367,84,2138,494,3083,0,0,0
657,2014,Bangladesh,1282,458,19254,4749,25743,79,2805709,0
658,2014,Brazil,38,24,177,239,478,41,550652,0
659,2014,Burundi,1304,5,1805,6537,9651,96,12682,0
660,2014,Cameroon,825,113,2871,1708,5517,0,0,89
661,2014,Central African Republic,0,0,0,0,0,0,0,2152
662,2014,Chad,172,37,1433,852,2494,0,0,6
663,2014,Colombia,1677,72,4047,1135,6931,88,59169,17
664,2014,Dem. Rep. of the Congo,27048,342,21270,18128,66788,154,4750,566
665,2014,Djibouti,252,0,202,100,554,0,0,1
666,2014,Egypt,2697,630,3923,1523,8773,0,0,2
667,2014,Ethiopia,7314,441,9937,14993,32685,0,0,9
668,2014,Honduras,648,119,1414,1508,3689,4,3000,0
669,2014,India,716,116,6537,1712,9081,839,6154264,275
670,2014,Indonesia,201,19,384,332,936,237,281939,0
671,2014,Iran,0,0,0,0,0,0,0,0
672,2014,Iraq,27234,2737,5311,11054,46336,0,0,3257
673,2014,Israel,5,0,146,94,245,0,0,1044
674,2014,Kenya,243,66,977,489,1775,0,0,140
675,2014,Lebanon,643,110,1743,748,3244,0,0,60
676,2014,Libya,760,385,1140,957,3242,0,0,128
677,2014,Mali,645,2035,5508,1947,10135,6,7,3
678,2014,Mexico,795,130,3784,8465,13174,22,171135,39
679,2014,Mozambique,0,0,2311,79,2390,65,81404,3
680,2014,Myanmar (Burma),0,0,0,0,0,0,0,46
681,2014,Niger,77,41,374,308,800,0,0,0
682,2014,Nigeria,1247,2453,20706,4794,29200,15,10000,5256
683,2014,Pakistan,5175,2534,21874,11548,41131,271,2530755,445
684,2014,Peru,59,20,256,221,556,533,193739,5
685,2014,Philippines,20,5,480,251,756,0,0,33
686,2014,Russia (Soviet Union),0,0,0,0,0,0,0,3
687,2014,Somalia,10622,4539,6385,13484,35030,0,0,172
688,2014,South Sudan,2556,33,82,27338,30009,0,0,896
689,2014,Sudan,6150,435,4805,10677,22067,0,0,269
690,2014,Syria,0,0,0,0,0,0,0,16724
691,2014,Tajikistan,68,17,242,233,560,20,7438,2
692,2014,Thailand,20,0,89,90,199,93,1136811,37
693,2014,Tunisia,107,111,2215,1281,3714,0,0,1
694,2014,Turkey,1327,523,5816,1535,9201,0,0,0
695,2014,Uganda,794,41,2161,1252,4248,0,0,7
696,2014,Ukraine,747,248940,7076,18782,275545,0,0,614
697,2014,Venezuela,0,0,0,0,0,0,0,42
698,2014,Yemen (North Yemen),0,0,0,0,0,0,0,76
699,2015,Afghanistan,14183,9208,16952,67142,107485,446,129442,896
700,2015,Algeria,217,77,4714,3020,8028,0,0,0
701,2015,Angola,166,106,939,203,1414,458,7599,0
702,2015,Armenia,242,285,3765,1524,5816,0,0,12
703,2015,Azerbaijan,384,132,1783,576,2875,0,0,0
704,2015,Bangladesh,1308,1278,18466,7784,28836,146,4073354,6
705,2015,Brazil,22,11,99,288,420,5,16407,1
706,2015,Burundi,9492,48,1540,1179,12259,11,2870,73
707,2015,Cameroon,796,151,2688,1774,5409,0,0,333
708,2015,Central African Republic,0,0,0,0,0,1,1116,416
709,2015,Chad,203,81,814,509,1607,0,0,119
710,2015,China,7738,463,9179,9200,26580,345,3124752,5
711,2015,Colombia,2134,53,1467,715,4369,104,119348,5
712,2015,Congo,485,76,1848,920,3329,0,0,0
713,2015,Dem. Rep. of the Congo,28921,903,17657,7886,55367,6,57393,474
714,2015,Egypt,2005,355,3474,1612,7446,135,201,231
715,2015,Ethiopia,5271,418,11784,4806,22279,0,0,221
716,2015,France,0,0,20,20,40,3,750,130
717,2015,Guatemala,2421,5,1114,6921,10461,352,57957,0
718,2015,Guinea,1973,826,5685,1701,10185,7,492,3
719,2015,India,659,48,5396,2859,8962,648,13866869,111
720,2015,Indonesia,138,0,303,390,831,54,443083,4
721,2015,Iran,0,0,0,0,0,0,0,0
722,2015,Iraq,40200,3099,5400,37339,86038,58,65000,1616
723,2015,Israel,15,5,90,51,161,0,0,8
724,2015,Jordan,185,51,461,289,986,0,0,1
725,2015,Kenya,228,22,770,502,1522,138,245299,167
726,2015,Kuwait,147,0,63,40,250,0,0,26
727,2015,Kyrgyzstan,213,25,426,510,1174,0,0,0
728,2015,Lebanon,353,123,1539,893,2908,5,1000750,0
729,2015,Libya,1438,1135,1644,1064,5281,0,0,261
730,2015,Mali,511,2766,8602,1552,13431,0,0,17
731,2015,Mexico,924,101,1963,8439,11427,42,18791,29
732,2015,Mozambique,0,0,1270,96,1366,160,177645,0
733,2015,Myanmar (Burma),0,0,0,0,0,0,0,55
734,2015,Netherlands,0,0,20,5,25,0,0,0
735,2015,Niger,33,59,358,222,672,0,0,204
736,2015,Nigeria,1615,3743,27360,4428,37146,150,102528,3785
737,2015,Pakistan,5244,3276,23847,19649,52016,1561,587742,324
738,2015,Peru,56,17,156,213,442,30,203855,0
739,2015,Philippines,10,0,400,253,663,0,0,54
740,2015,Russia (Soviet Union),0,0,0,0,0,0,0,2
741,2015,Saudi Arabia,135,10,21,35,201,10,259,44
742,2015,Somalia,13366,4623,7071,7090,32150,0,0,132
743,2015,South Africa,41,15,303,87,446,0,0,0
744,2015,South Sudan,1362,111,46,485,2004,47,1818,448
745,2015,Sudan,9902,1060,5751,3857,20570,0,0,590
746,2015,Syria,0,0,0,0,0,0,0,14561
747,2015,Thailand,15,5,268,44,332,0,0,37
748,2015,Tunisia,93,99,1625,984,2801,0,0,61
749,2015,Turkey,1107,382,4770,1633,7892,8,6500,180
750,2015,Ukraine,1054,152131,9263,4272,166720,0,0,345
751,2015,United States of America,28,5,210,111,354,0,0,14
752,2015,Venezuela,0,0,0,0,0,0,0,32
753,2015,Yemen (North Yemen),0,0,0,0,0,0,0,1449
754,2016,Afghanistan,30769,38752,52583,51092,173196,0,0,1084
755,2016,Algeria,265,229,9098,5807,15399,0,0,0
756,2016,Angola,170,106,924,265,1465,29,8355,1
757,2016,Armenia,230,389,4874,1890,7383,0,0,0
758,2016,Azerbaijan,739,307,3192,1108,5346,0,0,7
759,2016,Bangladesh,1503,1739,18267,11712,33221,139,3103625,32
760,2016,Belgium,0,0,11,0,11,0,0,32
761,2016,Brazil,34,17,184,351,586,0,0,3
762,2016,Burkina Faso,149,183,798,409,1539,15,34893,1
763,2016,Burundi,3279,90,1992,6133,11494,0,0,71
764,2016,Cameroon,842,311,2591,2122,5866,0,0,303
765,2016,Central African Republic,0,0,0,0,0,21,266,451
766,2016,Chad,248,70,828,569,1715,0,0,5
767,2016,Colombia,1994,39,2455,1597,6085,4,2200,3
768,2016,Congo,503,81,1849,885,3318,0,0,42
769,2016,Dem. Rep. of the Congo,25102,1123,15910,14635,56770,50,10000,611
770,2016,Egypt,1693,420,5914,2292,10319,26,32572,36
771,2016,Eritrea,38711,9998,5427,7703,61839,0,0,0
772,2016,Ethiopia,5712,544,12934,21622,40812,128,493080,390
773,2016,France,0,0,20,10,30,0,0,87
774,2016,Germany,0,0,25,15,40,0,0,12
775,2016,Honduras,3231,38,3339,6387,12995,1,151,0
776,2016,India,827,94,8537,7843,17301,118,2010924,142
777,2016,Iran,0,0,0,0,0,0,0,1
778,2016,Iraq,65058,16105,38139,44413,163715,0,0,3570
779,2016,Israel,25,15,115,78,233,0,0,7
780,2016,Ivory Coast,0,0,0,0,0,0,0,16
781,2016,Jordan,181,79,754,399,1413,0,0,3
782,2016,Kenya,183,41,697,792,1713,3,1000,36
783,2016,Lebanon,484,382,4585,1807,7258,0,0,5
784,2016,Libya,1556,993,1966,1447,5962,0,0,37
785,2016,Mali,530,3015,7671,1546,12762,13,9500,35
786,2016,Mexico,1043,5,2930,11950,15928,74,62500,8
787,2016,Mozambique,5,0,480,7374,7859,12,1700,16
788,2016,Myanmar (Burma),0,0,0,0,0,0,0,61
789,2016,Niger,29,47,362,328,766,0,0,25
790,2016,Nigeria,2088,4563,26547,13193,46391,80,13013,637
791,2016,Pakistan,6146,4181,33349,24205,67881,351,8132,384
792,2016,Peru,44,17,210,292,563,31,11493,2
793,2016,Philippines,25,15,1313,271,1624,0,0,61
794,2016,Russia (Soviet Union),0,0,0,0,0,0,0,1
795,2016,Rwanda,770,18,792,1590,3170,50,30030,21
796,2016,Saudi Arabia,214,5,96,68,383,15,133,20
797,2016,Somalia,14394,6768,8242,11138,40542,0,0,274
798,2016,South Africa,33,12,364,83,492,17,620,0
799,2016,South Sudan,1099,87,38,901,2125,68,3826,354
800,2016,Sudan,10538,1035,8664,7162,27399,0,0,790
801,2016,Syria,0,0,0,0,0,0,0,13224
802,2016,Thailand,0,0,189,69,258,3,22500,27
803,2016,Tunisia,103,110,2062,1568,3843,0,0,11
804,2016,Turkey,1161,365,4945,2672,9143,18,15,208
805,2016,Uganda,614,38,1449,2477,4578,19,1590,0
806,2016,Ukraine,959,24173,10549,6374,42055,0,0,32
807,2016,Venezuela,0,0,0,0,0,0,0,58
808,2016,Yemen (North Yemen),0,0,0,0,0,0,0,608
809,2017,Afghanistan,43125,60439,102377,55657,261598,86,9418,1060
810,2017,Algeria,367,229,7648,4718,12962,0,0,0
811,2017,Angola,181,191,1408,331,2111,11,30250,1
812,2017,Azerbaijan,1013,446,6075,3330,10864,0,0,2
813,2017,Bangladesh,1841,2139,21779,4625,30384,167,3380199,3
814,2017,Brazil,69,31,310,543,953,14,104140,1
815,2017,Burkina Faso,276,201,1458,433,2368,0,0,37
816,2017,Burundi,6760,102,1464,2335,10661,6,810,38
817,2017,Cameroon,1246,507,4734,3675,10162,3,12890,227
818,2017,Central African Republic,0,0,0,0,0,0,0,951
819,2017,Chad,341,92,1551,340,2324,0,0,3
820,2017,China,7392,276,13262,5936,26866,273,513676,0
821,2017,Colombia,1210,62,2365,13818,17455,381,48892,14
822,2017,Congo,519,113,1942,529,3103,0,0,0
823,2017,Dem. Rep. of the Congo,63515,650,16996,5652,86813,207,33,1752
824,2017,Egypt,2024,485,5913,2520,10942,0,0,416
825,2017,Ethiopia,7945,1182,14995,7887,32009,0,0,173
826,2017,India,1041,195,9520,4370,15126,1096,1860394,179
827,2017,Indonesia,100,0,2564,710,3374,88,389087,0
828,2017,Iran,0,0,0,0,0,0,0,18
829,2017,Iraq,51033,22579,49030,45611,168253,10,5969,719
830,2017,Israel,29,10,174,128,341,0,0,0
831,2017,Kenya,208,5,877,605,1695,26,25000,80
832,2017,Lebanon,465,405,5375,1707,7952,0,0,5
833,2017,Libya,1424,1190,1948,1870,6432,0,0,56
834,2017,Madagascar (Malagasy),0,0,0,0,0,0,0,1
835,2017,Malaysia,113,0,10432,1285,11830,2,13000,0
836,2017,Mali,613,2005,6540,2308,11466,0,0,82
837,2017,Mexico,1294,5,3956,12999,18254,498,1459760,26
838,2017,Mozambique,5,0,267,2774,3046,7,750102,3
839,2017,Myanmar (Burma),0,0,0,0,0,0,0,1879
840,2017,Niger,55,81,426,276,838,0,0,28
841,2017,Nigeria,4213,6387,36932,19766,67298,0,0,904
842,2017,Pakistan,6074,3121,47604,15894,72693,191,2593,425
843,2017,Peru,54,13,290,3844,4201,0,0,0
844,2017,Philippines,35,18,2729,835,3617,0,0,108
845,2017,Russia (Soviet Union),0,0,0,0,0,0,0,0
846,2017,Rwanda,828,50,1158,1943,3979,3,5874,10
847,2017,Saudi Arabia,240,16,132,125,513,0,0,1
848,2017,Somalia,25520,10620,9291,11935,57366,0,0,225
849,2017,South Sudan,2820,24,57,2304,5205,0,0,358
850,2017,Spain,0,0,52,55,107,0,0,16
851,2017,Sri Lanka,2527,279,8942,1530,13278,27,160077,1
852,2017,Sudan,12238,1804,10194,5565,29801,0,0,64
853,2017,Sweden,0,0,10,5,15,0,0,5
854,2017,Syria,0,0,0,0,0,0,0,12115
855,2017,Tanzania,0,0,0,0,0,0,0,1
856,2017,Thailand,20,0,435,140,595,118,2185498,9
857,2017,Tunisia,84,97,1474,1252,2907,0,0,0
858,2017,Turkey,6747,686,11798,5233,24464,0,0,50
859,2017,Uganda,539,36,1688,1392,3655,17,14,0
860,2017,Ukraine,884,12456,14682,9083,37105,0,0,35
861,2017,United States of America,10,5,439,295,749,0,0,8
862,2017,Venezuela,0,0,0,0,0,0,0,45
863,2017,Yemen (North Yemen),0,0,0,0,0,0,0,423
864,2018,Afghanistan,21904,30051,44443,68751,165149,0,0,1854
865,2018,Algeria,321,194,6024,5804,12343,6,200,2
866,2018,Angola,275,141,2052,1020,3488,8,3000,22
867,2018,Armenia,367,495,7512,4171,12545,0,0,0
868,2018,Azerbaijan,618,172,3934,3560,8284,0,0,0
869,2018,Bangladesh,1779,3010,21174,3975,29938,0,0,3
870,2018,Brazil,195,27,707,824,1753,15,300,4
871,2018,Burkina Faso,8674,216,1382,329,10601,0,0,94
872,2018,Burundi,4633,3107,803,8585,17128,0,0,108
873,2018,Cameroon,1790,472,4699,2745,9706,0,0,263
874,2018,Central African Republic,0,0,0,0,0,0,0,320
875,2018,Chad,442,65,1069,359,1935,0,0,28
876,2018,Colombia,6216,120,5786,2340,14462,0,0,30
877,2018,Dem. Rep. of the Congo,40166,11136,10331,9766,71399,0,0,685
878,2018,Djibouti,396,15,264,52,727,0,0,0
879,2018,Egypt,2442,322,4960,1994,9718,0,0,21
880,2018,Ethiopia,5815,2114,8473,22042,38444,44,21,233
881,2018,France,0,0,25,23,48,6,30,9
882,2018,Haiti,922,74,8736,6718,16450,17,39336,0
883,2018,India,1963,172,7778,4160,14073,892,24085378,125
884,2018,Indonesia,182,0,3404,572,4158,4779,2704383,10
885,2018,Iran,0,0,0,0,0,0,0,2
886,2018,Iraq,20134,8079,33293,55525,117031,21,25000,107
887,2018,Israel,54,0,82,68,204,0,0,15
888,2018,Kenya,268,25,894,502,1689,0,0,37
889,2018,Lebanon,394,166,3514,1439,5513,0,0,0
890,2018,Libya,999,1969,1453,2209,6630,0,0,68
891,2018,Mali,753,1799,7155,1547,11254,0,0,583
892,2018,Mexico,1542,5,8102,14289,23938,26,10120,15
893,2018,Mozambique,0,5,103,3974,4082,0,0,120
894,2018,Myanmar (Burma),0,0,0,0,0,0,0,37
895,2018,Niger,1089,159,551,266,2065,0,0,77
896,2018,Nigeria,4349,4981,35629,14579,59538,0,0,580
897,2018,Pakistan,5779,2422,34370,12816,55388,0,0,296
898,2018,Philippines,50,52,4615,1377,6094,0,0,23
899,2018,Russia (Soviet Union),0,0,0,0,0,0,0,6
900,2018,Rwanda,911,69,719,794,2493,42,26063,0
901,2018,Saudi Arabia,234,10,159,146,549,0,0,0
902,2018,Senegal,505,1445,11096,1329,14375,0,0,1
903,2018,Somalia,13734,4578,6910,15615,40837,58,928000,257
904,2018,South Africa,47,15,417,133,612,0,0,1
905,2018,South Sudan,2388,68,110,1141,3707,0,0,434
906,2018,Sudan,8486,2647,6184,5526,22843,0,0,92
907,2018,Syria,0,0,0,0,0,0,0,5978
908,2018,Tajikistan,244,69,1359,1397,3069,0,0,4
909,2018,Tanzania,0,0,0,0,0,0,0,1
910,2018,Thailand,36,0,566,260,862,0,0,23
911,2018,Tunisia,129,77,1955,1325,3486,6,30000,1
912,2018,Turkey,9127,511,10334,6146,26118,24,100,6
913,2018,Uganda,575,304,1028,1035,2942,0,0,2
914,2018,Ukraine,1067,7564,12531,6711,27873,0,0,30
915,2018,Venezuela,0,0,0,0,0,0,0,54
916,2018,Yemen (North Yemen),0,0,0,0,0,0,0,251
917,2018,Zimbabwe (Rhodesia),0,0,0,0,0,0,0,4
918,2019,Afghanistan,21768,21617,33677,37370,114416,24,561,1759
919,2019,Algeria,392,164,5644,4631,10831,8,125025,0
920,2019,Angola,331,166,1905,899,3301,52,15445,1
921,2019,Armenia,344,384,5887,3170,9785,0,0,1
922,2019,Azerbaijan,668,160,3890,2868,7586,0,0,1
923,2019,Bangladesh,2126,603,22922,6017,31564,131,284067,0
924,2019,Benin,64,20,452,204,740,0,0,1
925,2019,Brazil,401,10,1813,766,2990,7,30000,2
926,2019,Burkina Faso,254,88,1023,226,1591,0,0,896
927,2019,Burundi,14917,20,1651,1285,17873,37,9942,59
928,2019,Cameroon,21742,316,4801,2752,29612,0,0,241
929,2019,Central African Republic,0,0,0,0,0,0,0,147
930,2019,Chad,478,72,1197,291,2038,52,37,46
931,2019,Colombia,4630,165,9759,4962,19516,0,0,9
932,2019,Congo,393,60,1687,435,2575,0,0,0
933,2019,Dem. Rep. of the Congo,44749,478,11435,7099,63761,78,400354,1062
934,2019,Egypt,3404,110,5186,2201,10901,0,0,73
935,2019,Ethiopia,4622,399,9811,10894,25726,0,0,111
936,2019,Guinea,2805,630,14963,3982,22380,0,0,1
937,2019,Haiti,1927,128,10010,1353,13418,6,1325,1
938,2019,India,2967,113,12161,4837,19746,84,20130450,158
939,2019,Indonesia,191,5,1241,246,1087,429,835774,3
940,2019,Iran,0,0,0,0,0,0,0,240
941,2019,Iraq,15552,6158,29662,61045,112417,0,0,88
942,2019,Israel,57,0,82,54,193,0,0,36
943,2019,Kenya,375,22,922,932,2251,213,237306,34
944,2019,Kingdom of eSwatini (Swaziland),0,0,0,0,0,0,0,1
945,2019,Liberia,210,31,770,490,1501,0,0,0
946,2019,Libya,997,1520,1295,1594,5406,0,0,267
947,2019,Madagascar (Malagasy),0,0,0,0,0,0,0,3
948,2019,Mali,1566,828,8177,845,11416,0,0,528
949,2019,Mexico,2764,0,17899,8084,28747,3,1200,28
950,2019,Mozambique,18,0,114,238,370,648,1901594,321
951,2019,Myanmar (Burma),0,0,0,0,0,0,0,84
952,2019,Niger,265,99,407,268,1039,0,0,163
953,2019,Nigeria,6850,1804,39046,25870,73565,0,0,471
954,2019,Pakistan,7554,1469,30748,10834,50384,216,131444,93
955,2019,Papua New Guinea,75,0,179,10,264,2,350,0
956,2019,Peru,293,52,2779,261,3385,17,4300,2
957,2019,Philippines,69,20,3797,591,1374,0,0,54
958,2019,Russia (Soviet Union),0,0,0,0,0,0,0,0
959,2019,Rwanda,1562,5,1113,715,3395,0,0,0
960,2019,Saudi Arabia,482,15,163,137,797,0,0,1
961,2019,Somalia,19797,3182,7065,14543,44587,23,530000,265
962,2019,South Africa,102,20,801,183,1106,4,20,1
963,2019,South Sudan,14255,52,65,1068,15440,3,234800,150
964,2019,Sri Lanka,1878,266,7294,1659,10694,1,136607,226
965,2019,Sudan,11038,1097,4916,6469,23520,0,0,181
966,2019,Syria,0,0,0,0,0,0,0,2453
967,2019,Tajikistan,297,112,1358,961,2728,4,6750,0
968,2019,Tanzania,0,0,0,0,0,0,0,6
969,2019,Thailand,25,0,1304,435,1764,7,720885,13
970,2019,Togo,215,51,1267,421,1954,0,0,1
971,2019,Tunisia,128,33,2296,1121,3578,0,0,1
972,2019,Turkey,14628,598,11918,8909,35000,19,16743,20
973,2019,Uganda,771,10,1342,1063,3186,127,139553,2
974,2019,Ukraine,6158,1240,11940,5472,24810,0,0,15
975,2019,United Kingdom,0,0,0,0,0,0,0,3
976,2019,Venezuela,0,0,0,0,0,0,0,77
977,2019,Yemen (North Yemen),0,0,0,0,0,0,0,151
978,2019,Zimbabwe (Rhodesia),0,0,0,0,0,0,0,8
979,2020,Afghanistan,22059,27063,33397,30183,112724,323,51817,1644
980,2020,Algeria,439,117,5925,2996,9495,0,0,0
981,2020,Angola,301,134,2198,580,3227,30,10600,5
982,2020,Armenia,179,351,4990,2199,7719,0,0,5
983,2020,Austria,0,0,5,5,10,0,0,4
984,2020,Azerbaijan,453,96,2707,2257,5550,0,0,134
985,2020,Bangladesh,3352,556,15419,3564,22907,26,2600000,4
986,2020,Brazil,257,54,1872,612,2804,12,1119,17
987,2020,Burkina Faso,229,107,511,241,1111,0,0,554
988,2020,Burundi,6525,25,844,5375,12786,2,5000,83
989,2020,Cameroon,2241,288,4406,2073,9034,0,0,429
990,2020,Central African Republic,0,0,0,0,0,0,0,88
991,2020,Chad,398,59,904,532,1938,0,0,29
992,2020,Colombia,3085,439,42815,2493,48890,55,228169,12
993,2020,Congo,350,60,1309,265,1995,0,0,0
994,2020,Dem. Rep. of the Congo,20282,427,9250,4413,34423,13,35422,2215
995,2020,Egypt,1656,131,4899,2472,9175,40,20400,61
996,2020,Ethiopia,6948,1209,8272,11269,27731,0,0,2929
997,2020,Guinea,3140,536,12434,2959,19019,0,0,0
998,2020,Haiti,1314,828,8606,1900,12665,0,0,128
999,2020,Honduras,8308,143,13474,5550,27512,129,5145784,0
1000,2020,India,1736,66,7450,3544,12820,117,18163350,143
1001,2020,Indonesia,70,0,925,255,1250,30,95962,2
1002,2020,Iran,0,0,0,0,0,0,0,205
1003,2020,Iraq,14619,4978,25080,36620,81323,0,0,82
1004,2020,Israel,5,0,48,50,103,0,0,2
1005,2020,Kenya,332,10,552,684,1586,0,0,39
1006,2020,Kingdom of eSwatini (Swaziland),0,0,0,0,0,0,0,1
1007,2020,Lebanon,336,120,2055,1401,3950,0,0,1
1008,2020,Liberia,133,41,494,354,1044,0,0,2
1009,2020,Libya,903,1238,895,1232,4268,0,0,126
1010,2020,Madagascar (Malagasy),0,0,0,0,0,0,0,23
1011,2020,Mali,1791,724,4849,560,7922,0,0,515
1012,2020,Mauritania,420,15,1857,102,2415,0,0,0
1013,2020,Mexico,1615,5,9163,4389,15172,16,27893,111
1014,2020,Morocco,521,159,4785,4167,9634,0,0,0
1015,2020,Mozambique,120,18,49,20,207,0,0,769
1016,2020,Myanmar (Burma),0,0,0,0,0,0,0,134
1017,2020,Niger,61,26,316,126,529,0,0,291
1018,2020,Nigeria,6015,1780,22477,47685,78158,0,0,571
1019,2020,Pakistan,5032,1192,28292,8647,43264,173,1004940,62
1020,2020,Peru,253,91,5356,195,5938,30,6474,0
1021,2020,Philippines,54,5,748,277,1084,0,0,37
1022,2020,Russia (Soviet Union),0,0,0,0,0,0,0,1
1023,2020,Saudi Arabia,352,16,76,93,544,0,0,0
1024,2020,Senegal,626,168,4801,734,6293,0,0,0
1025,2020,Somalia,11396,3164,5720,5877,26220,15,311000,254
1026,2020,South Africa,47,15,591,183,873,13,410,5
1027,2020,South Sudan,3537,67,64,508,4176,0,0,89
1028,2020,Sudan,9752,588,5255,4396,20009,0,0,66
1029,2020,Syria,0,0,0,0,0,0,0,725
1030,2020,Tanzania,0,0,0,0,0,0,0,35
1031,2020,Thailand,15,5,1194,252,1466,36,1006582,1
1032,2020,Tunisia,140,26,2147,963,3276,6,40000,1
1033,2020,Turkey,12299,782,9971,8914,32013,217,87532,13
1034,2020,Ukraine,5537,1159,10126,4326,21199,16,1968,20
1035,2020,United Kingdom,0,0,0,0,0,0,0,0
1036,2020,Venezuela,0,0,0,0,0,0,0,3
1037,2020,Yemen (North Yemen),0,0,0,0,0,0,0,523
1038,2020,Zimbabwe (Rhodesia),0,0,0,0,0,0,0,2
1039,2021,Afghanistan,36305,29540,19365,44083,129293,376,35033,1724
1040,2021,Algeria,618,139,4879,5194,10830,10,2500,5
1041,2021,Angola,540,262,3625,356,4783,22,9937,13
1042,2021,Armenia,211,210,3499,2101,6021,0,0,0
1043,2021,Azerbaijan,513,125,2358,1422,4418,0,0,12
1044,2021,Bangladesh,2244,1134,22490,8844,34712,3,1300000,1
1045,2021,Bolivia,0,0,0,0,0,0,0,0
1046,2021,Brazil,361,108,1727,1171,3367,3,2643,30
1047,2021,Burkina Faso,2571,179,701,263,3714,0,0,471
1048,2021,Burundi,4734,10,977,3946,9667,0,0,66
1049,2021,Cameroon,1949,336,4414,2459,9158,0,0,245
1050,2021,Central African Republic,0,0,0,0,0,0,0,399
1051,2021,Chad,610,70,1717,443,2840,0,0,22
1052,2021,Colombia,5404,389,24760,1413,31966,20,10,5
1053,2021,Dem. Rep. of the Congo,22884,604,12428,5061,40977,237,291066,2326
1054,2021,Djibouti,181,5,193,46,425,0,0,0
1055,2021,Egypt,2130,190,5510,2215,10045,0,0,26
1056,2021,Ethiopia,3835,749,5864,6817,17265,0,0,4288
1057,2021,Guinea,4380,732,13100,4289,22501,0,0,0
1058,2021,Haiti,2987,1052,10013,6960,21012,2582,716143,85
1059,2021,Honduras,17175,168,10734,14732,42809,0,0,0
1060,2021,India,2241,87,11666,3479,17473,303,2509348,90
1061,2021,Indonesia,84,5,575,213,877,463,644717,7
1062,2021,Iran,0,0,0,0,0,0,0,22
1063,2021,Iraq,13700,5027,24388,26232,69347,14,7500,201
1064,2021,Israel,144,5,95,69,313,0,0,155
1065,2021,Kenya,391,34,749,491,1665,0,0,27
1066,2021,Kingdom of eSwatini (Swaziland),0,0,0,0,0,0,0,46
1067,2021,Kyrgyzstan,183,30,712,255,1180,0,0,30
1068,2021,Libya,642,1034,1105,1335,4116,0,0,0
1069,2021,Mali,3784,2583,3970,1394,11731,0,0,246
1070,2021,Mexico,2249,10,8360,7110,17729,34,26695,110
1071,2021,Morocco,603,265,6239,3577,10684,0,0,3
1072,2021,Mozambique,5,5,116,15,141,11,481901,346
1073,2021,Myanmar (Burma),0,0,0,0,0,0,0,790
1074,2021,Niger,104,57,384,1892,2437,0,0,651
1075,2021,Nigeria,6196,2379,28654,11185,48414,4,830,276
1076,2021,Pakistan,5290,2491,26596,12827,47204,49,64225,49
1077,2021,Papua New Guinea,32,0,10,0,42,0,0,0
1078,2021,Peru,395,293,5517,226,6431,11,13875,2
1079,2021,Philippines,56,22,631,420,1129,0,0,27
1080,2021,Russia (Soviet Union),0,0,0,0,0,0,0,0
1081,2021,Saudi Arabia,239,0,60,91,390,0,0,5
1082,2021,Senegal,675,419,5549,1038,7681,0,0,0
1083,2021,Somalia,14711,3633,7043,7761,33148,0,0,245
1084,2021,South Africa,199,15,438,131,783,27,12037,1
1085,2021,South Sudan,2725,32,74,576,3407,0,0,51
1086,2021,Sudan,6006,709,5113,9432,21260,0,0,110
1087,2021,Syria,0,0,0,0,0,0,0,403
1088,2021,Tajikistan,185,72,1016,736,2009,5,100,3
1089,2021,Tanzania,0,0,0,0,0,0,0,12
1090,2021,Thailand,10,5,1328,429,1772,0,0,5
1091,2021,Tunisia,240,341,3385,1448,5414,0,0,5
1092,2021,Turkey,12665,682,15018,8064,36429,9,561088,0
1093,2021,Uganda,898,15,917,677,2507,0,0,7
1094,2021,Ukraine,4389,1151,9728,2364,17632,1,1700,18
1095,2021,Venezuela,0,0,0,0,0,0,0,19
1096,2021,Yemen (North Yemen),0,0,0,0,0,0,0,529
