,year,country_origin,disaster_deaths,disaster_affected,conflict_deaths
0,2001,Afghanistan,331,200270,864
1,2001,Algeria,921,45423,32
2,2001,Angola,48,39928,1038
3,2001,Azerbaijan,0,0,0
4,2001,Bangladesh,232,530150,6
5,2001,Brazil,98,14446,0
6,2001,Burundi,0,0,302
7,2001,Cameroon,30,1500,0
8,2001,Canada,0,0,0
9,2001,Central African Republic,0,0,16
10,2001,Chad,100,175763,4
11,2001,Colombia,85,7732,2128
12,2001,Congo,0,0,2
13,2001,Dem. Rep. of the Congo,50,26,474
14,2001,Ecuador,58,9530,0
15,2001,Ethiopia,5,31000,0
16,2001,Ghana,12,144025,0
17,2001,Guatemala,55,120194,0
18,2001,Guinea,9,220000,0
19,2001,India,20322,19558812,433
20,2001,Indonesia,524,108694,60
21,2001,Iran,0,0,0
22,2001,Iraq,0,0,0
23,2001,Israel,0,0,116
24,2001,Ivory Coast,0,0,0
25,2001,Jamaica,1,200,0
26,2001,Kenya,0,0,32
27,2001,Lebanon,0,0,0
28,2001,Liberia,0,0,147
29,2001,"Macedonia, FYR",0,0,11
30,2001,Myanmar (Burma),0,0,104
31,2001,Nepal,144,21019,113
32,2001,Nigeria,200,84065,336
33,2001,Pakistan,242,1314983,10
34,2001,Papua New Guinea,0,0,0
35,2001,Peru,186,374558,0
36,2001,Philippines,0,0,72
37,2001,Russia (Soviet Union),0,0,201
38,2001,Rwanda,2,3000,1
39,2001,Senegal,0,0,21
40,2001,Serbia (Yugoslavia),0,0,0
41,2001,Sierra Leone,0,0,23
42,2001,Somalia,0,0,90
43,2001,Spain,0,0,0
44,2001,Sri Lanka,0,0,44
45,2001,Sudan,0,0,213
46,2001,Tanzania,0,0,37
47,2001,Thailand,187,454239,0
48,2001,Turkey,21,3120,2
49,2001,Uganda,11,3366,67
50,2001,United Kingdom,0,0,1
51,2001,United States of America,0,0,2862
52,2001,Venezuela,0,0,25
53,2001,Zambia,0,0,7
54,2001,Zimbabwe (Rhodesia),0,0,0
55,2002,Afghanistan,1251,106716,171
56,2002,Algeria,42,2305,519
57,2002,Angola,0,0,97
58,2002,Bangladesh,741,1650400,0
59,2002,Brazil,91,3000,7
60,2002,Burundi,0,0,614
61,2002,Central African Republic,1,750,42
62,2002,Chad,0,0,3
63,2002,Colombia,135,113013,1215
64,2002,Congo,0,0,49
65,2002,Dem. Rep. of the Congo,240,112940,4617
66,2002,Ethiopia,22,4000,35
67,2002,Georgia,6,19156,0
68,2002,Ghana,4,2000,0
69,2002,Guatemala,70,1974,2
70,2002,Honduras,10,969,0
71,2002,India,715,42013300,900
72,2002,Indonesia,254,599717,286
73,2002,Iraq,0,0,0
74,2002,Israel,0,0,340
75,2002,Ivory Coast,0,0,392
76,2002,Jamaica,13,26500,0
77,2002,Kenya,85,175008,13
78,2002,Laos,0,0,4
79,2002,Lebanon,0,0,0
80,2002,Liberia,0,0,1812
81,2002,Madagascar (Malagasy),0,0,6
82,2002,Mali,2,22519,0
83,2002,Mexico,43,516030,0
84,2002,Myanmar (Burma),0,0,264
85,2002,Namibia,0,0,0
86,2002,Nepal,532,266065,390
87,2002,Nigeria,0,0,114
88,2002,Pakistan,185,158893,127
89,2002,Papua New Guinea,41,5644,0
90,2002,Peru,82,97550,1
91,2002,Philippines,0,0,110
92,2002,Russia (Soviet Union),0,0,365
93,2002,Senegal,28,179000,36
94,2002,Sierra Leone,0,0,1
95,2002,Somalia,0,0,32
96,2002,South Africa,42,104066,2
97,2002,Spain,6,50,2
98,2002,Sri Lanka,2,500000,4
99,2002,Sudan,0,0,780
100,2002,Thailand,190,3350124,0
101,2002,Tunisia,0,0,20
102,2002,Turkey,76,255327,1
103,2002,Uganda,96,655760,637
104,2002,United Kingdom,0,0,1
105,2002,Venezuela,0,0,20
106,2003,Afghanistan,112,4354,67
107,2003,Algeria,2290,210511,58
108,2003,Angola,15,825,59
109,2003,Bangladesh,430,553125,0
110,2003,Brazil,255,205981,6
111,2003,Burundi,0,0,364
112,2003,Cambodia (Kampuchea),0,0,1
113,2003,Central African Republic,0,0,6
114,2003,Chad,0,0,0
115,2003,Colombia,80,40531,372
116,2003,Congo,0,0,17
117,2003,Dem. Rep. of the Congo,29,23454,3072
118,2003,Ecuador,0,0,0
119,2003,Eritrea,0,0,0
120,2003,Ethiopia,119,110000,511
121,2003,Honduras,7,3000,18
122,2003,India,611,8095239,710
123,2003,Indonesia,512,666073,219
124,2003,Iran,0,0,0
125,2003,Iraq,0,0,467
126,2003,Israel,0,0,227
127,2003,Ivory Coast,0,0,436
128,2003,Jamaica,0,0,0
129,2003,Kenya,40,60000,0
130,2003,Laos,0,0,5
131,2003,Lebanon,0,0,0
132,2003,Liberia,0,0,1960
133,2003,Morocco,35,10000,34
134,2003,Myanmar (Burma),0,0,211
135,2003,Nepal,239,59254,248
136,2003,Nigeria,16,210000,128
137,2003,Pakistan,266,1266243,194
138,2003,Peru,361,1905350,2
139,2003,Philippines,0,0,137
140,2003,Russia (Soviet Union),0,0,84
141,2003,Saudi Arabia,12,50,26
142,2003,Senegal,8,7769,0
143,2003,Somalia,1,300,34
144,2003,Spain,5,200,0
145,2003,Sri Lanka,235,695000,1
146,2003,Sudan,0,0,1869
147,2003,Thailand,9,107700,1
148,2003,Turkey,178,290522,59
149,2003,Uganda,25,2200,696
150,2003,United Kingdom,0,0,1
151,2003,Venezuela,0,0,23
152,2003,Yemen (North Yemen),0,0,0
153,2003,Zimbabwe (Rhodesia),0,0,0
154,2004,Afghanistan,18,3040,77
155,2004,Algeria,3,27545,95
156,2004,Angola,28,333700,13
157,2004,Azerbaijan,0,0,3
158,2004,Bangladesh,847,36888750,25
159,2004,Bhutan,0,0,0
160,2004,Brazil,39,155314,6
161,2004,Burundi,3,120,259
162,2004,Cameroon,0,0,0
163,2004,Central African Republic,3,12698,23
164,2004,Chad,0,0,28
165,2004,Colombia,116,531984,296
166,2004,Dem. Rep. of the Congo,0,0,735
167,2004,Egypt,0,0,34
168,2004,Ethiopia,0,0,243
169,2004,Georgia,1,90,3
170,2004,Guatemala,0,0,1
171,2004,Haiti,5422,353377,16
172,2004,Honduras,0,0,28
173,2004,India,17704,33855512,400
174,2004,Indonesia,165917,714154,93
175,2004,Iraq,0,0,281
176,2004,Israel,0,0,99
177,2004,Ivory Coast,0,0,61
178,2004,Kenya,134,2312000,0
179,2004,Laos,0,0,4
180,2004,Mali,0,0,0
181,2004,Mexico,38,4090,2
182,2004,Mozambique,0,0,0
183,2004,Myanmar (Burma),0,0,104
184,2004,Nepal,185,800015,271
185,2004,Niger,0,0,0
186,2004,Nigeria,94,13900,61
187,2004,Pakistan,24,13148,92
188,2004,Peru,101,2137543,0
189,2004,Philippines,0,0,139
190,2004,Qatar,0,0,0
191,2004,Russia (Soviet Union),0,0,519
192,2004,Rwanda,0,0,0
193,2004,Saudi Arabia,5,430,32
194,2004,Senegal,0,0,0
195,2004,Somalia,298,105083,20
196,2004,South Africa,0,0,0
197,2004,Spain,3,1100,191
198,2004,Sri Lanka,35405,1219306,7
199,2004,Sudan,0,0,6074
200,2004,Syria,0,0,7
201,2004,Thailand,8362,578117,40
202,2004,Turkey,61,56122,13
203,2004,Uganda,0,0,813
204,2004,United Kingdom,0,0,1
205,2004,Uzbekistan,0,0,2
206,2004,Venezuela,0,0,30
207,2004,Yemen (North Yemen),0,0,0
208,2005,Afghanistan,276,18544,196
209,2005,Algeria,11,70,26
210,2005,Angola,0,0,7
211,2005,Armenia,0,0,0
212,2005,Azerbaijan,0,0,0
213,2005,Bangladesh,258,1173000,16
214,2005,Brazil,49,41344,32
215,2005,Burundi,120,2150000,113
216,2005,Cameroon,0,0,0
217,2005,Central African Republic,1,23805,8
218,2005,Chad,0,0,167
219,2005,China,941,66773825,12
220,2005,Colombia,180,601866,164
221,2005,Congo,0,0,6
222,2005,Dem. Rep. of the Congo,6,1505,271
223,2005,Egypt,0,0,88
224,2005,Ethiopia,156,235418,57
225,2005,Gambia,0,0,8
226,2005,Guatemala,1583,477849,2
227,2005,Guinea,0,0,3
228,2005,Haiti,70,39478,39
229,2005,India,3660,28443213,537
230,2005,Indonesia,1095,126797,32
231,2005,Iran,0,0,1
232,2005,Iraq,0,0,1016
233,2005,Israel,0,0,70
234,2005,Ivory Coast,0,0,9
235,2005,Jordan,0,0,59
236,2005,Kenya,53,3536200,7
237,2005,Lebanon,0,0,0
238,2005,Mali,0,0,0
239,2005,Mexico,78,2982571,0
240,2005,Mozambique,16,29012,1
241,2005,Myanmar (Burma),0,0,191
242,2005,Nepal,51,1600,194
243,2005,Nigeria,60,3004,9
244,2005,Pakistan,74080,12655552,25
245,2005,Peru,5,2505,0
246,2005,Philippines,0,0,30
247,2005,Russia (Soviet Union),0,0,50
248,2005,Saudi Arabia,29,67,0
249,2005,Senegal,0,0,45
250,2005,Somalia,12,7520,20
251,2005,Sri Lanka,6,145000,12
252,2005,Sudan,0,0,655
253,2005,Tajikistan,24,5175,0
254,2005,Thailand,86,821310,136
255,2005,Togo,0,0,386
256,2005,Turkey,34,581,7
257,2005,Uganda,0,0,279
258,2005,United Kingdom,0,0,53
259,2005,Venezuela,0,0,28
260,2006,Afghanistan,286,332175,455
261,2006,Algeria,5,60319,45
262,2006,Angola,0,0,0
263,2006,Armenia,0,0,0
264,2006,Azerbaijan,0,0,0
265,2006,Bangladesh,150,17999,5
266,2006,Brazil,8,116000,5
267,2006,Burundi,11,8200,50
268,2006,Central African Republic,0,0,141
269,2006,Chad,0,0,570
270,2006,Colombia,150,221465,94
271,2006,Dem. Rep. of the Congo,4,80566,210
272,2006,Egypt,0,0,0
273,2006,Ethiopia,951,424146,20
274,2006,Guinea,0,0,15
275,2006,India,1175,7334478,653
276,2006,Indonesia,7376,3957203,3
277,2006,Iran,0,0,0
278,2006,Iraq,20,18020,710
279,2006,Israel,0,0,129
280,2006,Ivory Coast,0,0,8
281,2006,Kenya,212,783300,24
282,2006,Kyrgyzstan,0,0,0
283,2006,Laos,0,0,73
284,2006,Lebanon,0,0,535
285,2006,Mexico,15,270700,1
286,2006,Myanmar (Burma),0,0,170
287,2006,Nepal,147,80000,108
288,2006,Nigeria,40,1000,19
289,2006,Pakistan,473,8230,29
290,2006,Peru,0,0,5
291,2006,Philippines,0,0,21
292,2006,Russia (Soviet Union),0,0,11
293,2006,Saudi Arabia,0,0,2
294,2006,Senegal,0,0,1
295,2006,Somalia,97,486500,82
296,2006,Sri Lanka,25,333002,356
297,2006,Sudan,0,0,764
298,2006,Tajikistan,25,29155,0
299,2006,Thailand,280,2555308,95
300,2006,Turkey,47,63015,7
301,2006,Uganda,3,1680,57
302,2006,United Kingdom,0,0,0
303,2006,Venezuela,0,0,21
304,2007,Afghanistan,260,30255,645
305,2007,Algeria,15,1305,31
306,2007,Angola,105,40000,1
307,2007,Azerbaijan,0,0,0
308,2007,Bangladesh,5635,22930206,0
309,2007,Brazil,66,202638,5
310,2007,Burundi,4,23000,20
311,2007,Cambodia (Kampuchea),0,0,2
312,2007,Central African Republic,1,7812,129
313,2007,Chad,15,173000,220
314,2007,China,1119,118848776,0
315,2007,Colombia,218,2671487,49
316,2007,Congo,0,0,0
317,2007,Dem. Rep. of the Congo,32,1600,254
318,2007,Ethiopia,22,241586,240
319,2007,France,0,0,0
320,2007,Guatemala,11,656,5
321,2007,Guinea,0,0,42
322,2007,India,2061,38143025,553
323,2007,Indonesia,561,1191564,2
324,2007,Iran,0,0,1
325,2007,Iraq,0,0,1707
326,2007,Israel,0,0,58
327,2007,Ivory Coast,0,0,2
328,2007,Kenya,39,42657,125
329,2007,Mali,18,88858,12
330,2007,Mauritania,3,54120,4
331,2007,Mexico,36,1773000,6
332,2007,Myanmar (Burma),0,0,286
333,2007,Nepal,214,640706,1
334,2007,Niger,0,0,20
335,2007,Nigeria,68,50000,4
336,2007,Pakistan,729,1652711,180
337,2007,Peru,677,1590617,1
338,2007,Philippines,0,0,40
339,2007,Russia (Soviet Union),0,0,4
340,2007,Saudi Arabia,0,0,0
341,2007,Somalia,25,10012,277
342,2007,Sri Lanka,33,156000,104
343,2007,Sudan,0,0,203
344,2007,Tanzania,0,0,3
345,2007,Thailand,15,182000,140
346,2007,Turkey,16,3186,13
347,2007,Uganda,33,721045,20
348,2007,Venezuela,0,0,14
349,2007,Zimbabwe (Rhodesia),0,0,0
350,2008,Afghanistan,1317,170684,745
351,2008,Algeria,93,59050,57
352,2008,Angola,7,81400,1
353,2008,Azerbaijan,0,0,0
354,2008,Bangladesh,68,636090,3
355,2008,Brazil,203,1753991,10
356,2008,Burundi,9,3275,8
357,2008,Cambodia (Kampuchea),0,0,0
358,2008,Cameroon,9,25000,0
359,2008,Central African Republic,0,0,8
360,2008,Chad,0,0,4
361,2008,China,88376,133138935,51
362,2008,Colombia,130,1209868,42
363,2008,Congo,0,0,0
364,2008,Dem. Rep. of the Congo,36,17865,909
365,2008,Djibouti,0,0,0
366,2008,Ecuador,41,289122,0
367,2008,Egypt,98,697,0
368,2008,Eritrea,0,0,0
369,2008,Ethiopia,45,116440,1
370,2008,Georgia,0,0,3
371,2008,Ghana,0,0,9
372,2008,Guatemala,30,197300,0
373,2008,Guyana,0,0,20
374,2008,Honduras,67,313357,0
375,2008,India,1590,13928790,627
376,2008,Indonesia,123,391408,5
377,2008,Iran,0,0,0
378,2008,Iraq,4,600,554
379,2008,Israel,0,0,126
380,2008,Ivory Coast,0,0,4
381,2008,Kenya,67,3851758,273
382,2008,Lebanon,0,0,0
383,2008,Libya,0,0,0
384,2008,Mali,0,0,11
385,2008,Mauritania,0,0,0
386,2008,Mexico,14,520000,6
387,2008,Myanmar (Burma),0,0,51
388,2008,Nepal,115,250003,0
389,2008,Niger,0,0,10
390,2008,Nigeria,0,0,146
391,2008,Pakistan,239,366084,561
392,2008,Peru,40,450012,0
393,2008,Philippines,0,0,116
394,2008,Russia (Soviet Union),0,0,17
395,2008,Senegal,1,23600,2
396,2008,Somalia,0,0,431
397,2008,Spain,0,0,0
398,2008,Sri Lanka,57,826905,249
399,2008,Sudan,0,0,485
400,2008,Syria,0,0,0
401,2008,Thailand,39,1539573,67
402,2008,Turkey,2,300,27
403,2008,Uganda,49,30040,1
404,2008,Venezuela,0,0,25
405,2008,Yemen (North Yemen),0,0,7
406,2008,Zimbabwe (Rhodesia),0,0,248
407,2009,Afghanistan,90,65857,1080
408,2009,Algeria,33,2548,48
409,2009,Angola,62,220415,0
410,2009,Azerbaijan,0,0,0
411,2009,Bangladesh,338,4504550,2
412,2009,Brazil,168,1168012,5
413,2009,Cambodia (Kampuchea),0,0,0
414,2009,Cameroon,0,0,0
415,2009,Central African Republic,4,13472,155
416,2009,Chad,6,12915,8
417,2009,China,425,67400403,11
418,2009,Colombia,53,31257,42
419,2009,Dem. Rep. of the Congo,0,0,3006
420,2009,Egypt,0,0,0
421,2009,Ethiopia,0,0,7
422,2009,Ghana,40,159545,0
423,2009,Guatemala,36,3028,0
424,2009,Guinea,2,40000,160
425,2009,India,1715,11095118,404
426,2009,Iran,0,0,30
427,2009,Iraq,2,3000,587
428,2009,Israel,0,0,286
429,2009,Ivory Coast,0,0,1
430,2009,Kenya,56,136200,40
431,2009,Madagascar (Malagasy),0,0,31
432,2009,Mali,25,20406,1
433,2009,Mauritania,1,10000,1
434,2009,Mexico,21,104514,23
435,2009,Myanmar (Burma),0,0,20
436,2009,Nepal,87,257786,0
437,2009,Nigeria,0,0,18
438,2009,Pakistan,102,75080,431
439,2009,Peru,524,261885,6
440,2009,Philippines,0,0,99
441,2009,Russia (Soviet Union),0,0,24
442,2009,Rwanda,0,0,2
443,2009,Senegal,6,264000,8
444,2009,Somalia,0,0,452
445,2009,Spain,0,0,0
446,2009,Sri Lanka,3,300000,6683
447,2009,Sudan,0,0,405
448,2009,Tajikistan,21,15000,0
449,2009,Thailand,15,200000,91
450,2009,Turkey,58,35137,9
451,2009,Uganda,0,0,20
452,2009,United Kingdom,0,0,0
453,2009,Uzbekistan,0,0,0
454,2009,Venezuela,0,0,25
455,2009,Yemen (North Yemen),0,0,41
456,2009,Zimbabwe (Rhodesia),0,0,0
457,2010,Afghanistan,315,46200,1157
458,2010,Algeria,0,0,26
459,2010,Angola,25,114781,6
460,2010,Azerbaijan,3,70000,0
461,2010,Bangladesh,107,812390,1
462,2010,Brazil,363,244938,0
463,2010,Central African Republic,3,1585,103
464,2010,Chad,24,144579,0
465,2010,Colombia,418,2791999,47
466,2010,Dem. Rep. of the Congo,54,3937,512
467,2010,Egypt,43,3540,0
468,2010,Ethiopia,19,25000,0
469,2010,Georgia,0,0,0
470,2010,Ghana,63,17174,0
471,2010,Guinea,8,48026,1
472,2010,Honduras,140,29685,0
473,2010,India,684,4236988,602
474,2010,Iran,0,0,26
475,2010,Iraq,0,0,480
476,2010,Israel,44,20022,13
477,2010,Ivory Coast,0,0,33
478,2010,Kenya,194,211164,0
479,2010,Kyrgyzstan,0,0,5
480,2010,Mali,0,0,2
481,2010,Mauritania,0,0,0
482,2010,Mexico,111,1600307,81
483,2010,Mozambique,5,17000,7
484,2010,Myanmar (Burma),0,0,30
485,2010,Nigeria,40,1500200,94
486,2010,Pakistan,2118,20397901,972
487,2010,Peru,497,138654,3
488,2010,Philippines,0,0,58
489,2010,Russia (Soviet Union),0,0,49
490,2010,Senegal,2,22125,3
491,2010,Somalia,20011,4000200,400
492,2010,South Africa,40,6000,1
493,2010,Sudan,0,0,291
494,2010,Tajikistan,75,8622,0
495,2010,Thailand,258,8970653,106
496,2010,Turkey,64,3806,7
497,2010,Uganda,388,12795,74
498,2010,United Arab Emirates,0,0,0
499,2010,United States of America,0,0,0
500,2010,Venezuela,0,0,22
501,2010,Yemen (North Yemen),0,0,3
502,2011,Afghanistan,83,12815,1003
503,2011,Algeria,10,793,17
504,2011,Angola,113,65084,0
505,2011,Azerbaijan,0,0,3
506,2011,Bahrain,0,0,11
507,2011,Bangladesh,85,1672680,0
508,2011,Brazil,978,1215600,1
509,2011,Burundi,12,50,1
510,2011,Cambodia (Kampuchea),0,0,2
511,2011,Central African Republic,1,1831,90
512,2011,Colombia,313,1487698,27
513,2011,Congo,0,0,0
514,2011,Dem. Rep. of the Congo,0,0,191
515,2011,Egypt,0,0,0
516,2011,Ethiopia,0,0,1
517,2011,Georgia,7,1750,0
518,2011,Guatemala,57,535228,27
519,2011,Guinea,0,0,0
520,2011,Honduras,33,69798,0
521,2011,India,759,12829319,231
522,2011,Indonesia,85,9276,2
523,2011,Iran,0,0,2
524,2011,Iraq,6,2001,400
525,2011,Israel,0,0,21
526,2011,Ivory Coast,0,0,975
527,2011,Kenya,33,95692,9
528,2011,Lebanon,0,0,3
529,2011,Libya,0,0,227
530,2011,Mali,1,15415,4
531,2011,Mauritania,0,0,1
532,2011,Mexico,115,900602,197
533,2011,Myanmar (Burma),0,0,113
534,2011,Nigeria,175,30927,187
535,2011,Pakistan,511,5401755,392
536,2011,Peru,93,839066,3
537,2011,Philippines,0,0,50
538,2011,Russia (Soviet Union),0,0,50
539,2011,Rwanda,14,3608,0
540,2011,Senegal,0,0,12
541,2011,Somalia,0,0,345
542,2011,South Sudan,0,0,34
543,2011,Spain,11,17700,1
544,2011,Sri Lanka,87,1320365,2
545,2011,Sudan,0,0,627
546,2011,Syria,0,0,2741
547,2011,Tajikistan,0,0,0
548,2011,Thailand,896,11216126,119
549,2011,Tunisia,0,0,0
550,2011,Turkey,655,43167,53
551,2011,United Kingdom,0,0,0
552,2011,Venezuela,0,0,10
553,2011,Yemen (North Yemen),0,0,147
554,2011,Zimbabwe (Rhodesia),0,0,1
555,2012,Afghanistan,313,38120,902
556,2012,Algeria,69,101,23
557,2012,Armenia,0,0,0
558,2012,Azerbaijan,0,0,0
559,2012,Bangladesh,344,5408154,0
560,2012,Brazil,3,89000,6
561,2012,Burundi,0,0,0
562,2012,Cambodia (Kampuchea),0,0,1
563,2012,Central African Republic,0,0,73
564,2012,Colombia,77,81518,22
565,2012,Congo,0,0,0
566,2012,Dem. Rep. of the Congo,1,4535,583
567,2012,Egypt,0,0,0
568,2012,Ethiopia,0,0,88
569,2012,France,0,0,4
570,2012,Guinea,0,0,9
571,2012,Honduras,0,0,0
572,2012,India,319,4318360,273
573,2012,Indonesia,95,50925,1
574,2012,Iran,0,0,0
575,2012,Iraq,0,0,754
576,2012,Israel,0,0,52
577,2012,Ivory Coast,0,0,19
578,2012,Kenya,73,280670,34
579,2012,Lebanon,0,0,1
580,2012,Libya,0,0,0
581,2012,Madagascar (Malagasy),0,0,15
582,2012,Mali,0,0,24
583,2012,Mauritania,0,0,1
584,2012,Mexico,9,136011,28
585,2012,Mozambique,33,110000,0
586,2012,Myanmar (Burma),0,0,114
587,2012,Niger,0,0,0
588,2012,Nigeria,378,7015867,862
589,2012,Pakistan,506,5050564,400
590,2012,Papua New Guinea,5,200000,0
591,2012,Philippines,0,0,30
592,2012,Russia (Soviet Union),0,0,6
593,2012,Rwanda,5,11160,2
594,2012,Senegal,19,57000,4
595,2012,Somalia,31,32200,265
596,2012,South Sudan,47,157000,90
597,2012,Sudan,0,0,252
598,2012,Syria,0,0,21053
599,2012,Thailand,0,0,122
600,2012,Tunisia,0,0,0
601,2012,Turkey,0,0,21
602,2012,Venezuela,0,0,9
603,2012,Yemen (North Yemen),0,0,46
604,2012,Zimbabwe (Rhodesia),0,0,1
605,2013,Afghanistan,124,21628,922
606,2013,Algeria,0,0,27
607,2013,Angola,9,1000,0
608,2013,Armenia,0,0,0
609,2013,Azerbaijan,0,0,0
610,2013,Bangladesh,50,1532207,11
611,2013,Brazil,121,261274,0
612,2013,Burundi,0,0,9
613,2013,Cameroon,0,0,1
614,2013,Central African Republic,0,0,2541
615,2013,Colombia,7,51781,4
616,2013,Dem. Rep. of the Congo,0,0,598
617,2013,Egypt,0,0,8
618,2013,Ethiopia,0,0,11
619,2013,Guinea,0,0,0
620,2013,India,6431,14708827,198
621,2013,Indonesia,160,588327,4
622,2013,Iran,0,0,0
623,2013,Iraq,0,0,1379
624,2013,Israel,4,2003000,1
625,2013,Ivory Coast,0,0,0
626,2013,Kenya,114,110800,77
627,2013,Lebanon,0,0,52
628,2013,Libya,16,2000,0
629,2013,Malaysia,4,75000,2
630,2013,Mali,37,34700,57
631,2013,Mexico,210,172000,39
632,2013,Mozambique,119,240000,6
633,2013,Myanmar (Burma),0,0,35
634,2013,Niger,0,0,1
635,2013,Nigeria,19,81506,857
636,2013,Pakistan,730,1698756,838
637,2013,Peru,69,273822,0
638,2013,Philippines,0,0,39
639,2013,Russia (Soviet Union),0,0,48
640,2013,Rwanda,0,0,1
641,2013,Senegal,8,163306,3
642,2013,Somalia,169,192380,238
643,2013,South Sudan,99,581000,904
644,2013,Sri Lanka,117,81300,5
645,2013,Sudan,0,0,90
646,2013,Syria,0,0,20017
647,2013,Tajikistan,0,0,0
648,2013,Thailand,84,3515254,61
649,2013,Tunisia,0,0,0
650,2013,Turkey,0,0,3
651,2013,Venezuela,0,0,6
652,2013,Yemen (North Yemen),0,0,34
653,2014,Afghanistan,512,150135,870
654,2014,Algeria,6,420,1
655,2014,Angola,0,0,0
656,2014,Azerbaijan,0,0,0
657,2014,Bangladesh,79,2805709,0
658,2014,Brazil,41,550652,0
659,2014,Burundi,96,12682,0
660,2014,Cameroon,0,0,89
661,2014,Central African Republic,0,0,2152
662,2014,Chad,0,0,6
663,2014,Colombia,88,59169,17
664,2014,Dem. Rep. of the Congo,154,4750,566
665,2014,Djibouti,0,0,1
666,2014,Egypt,0,0,2
667,2014,Ethiopia,0,0,9
668,2014,Honduras,4,3000,0
669,2014,India,839,6154264,275
670,2014,Indonesia,237,281939,0
671,2014,Iran,0,0,0
672,2014,Iraq,0,0,3257
673,2014,Israel,0,0,1044
674,2014,Kenya,0,0,140
675,2014,Lebanon,0,0,60
676,2014,Libya,0,0,128
677,2014,Mali,6,7,3
678,2014,Mexico,22,171135,39
679,2014,Mozambique,65,81404,3
680,2014,Myanmar (Burma),0,0,46
681,2014,Niger,0,0,0
682,2014,Nigeria,15,10000,5256
683,2014,Pakistan,271,2530755,445
684,2014,Peru,533,193739,5
685,2014,Philippines,0,0,33
686,2014,Russia (Soviet Union),0,0,3
687,2014,Somalia,0,0,172
688,2014,South Sudan,0,0,896
689,2014,Sudan,0,0,269
690,2014,Syria,0,0,16724
691,2014,Tajikistan,20,7438,2
692,2014,Thailand,93,1136811,37
693,2014,Tunisia,0,0,1
694,2014,Turkey,0,0,0
695,2014,Uganda,0,0,7
696,2014,Ukraine,0,0,614
697,2014,Venezuela,0,0,42
698,2014,Yemen (North Yemen),0,0,76
699,2015,Afghanistan,446,129442,896
700,2015,Algeria,0,0,0
701,2015,Angola,458,7599,0
702,2015,Armenia,0,0,12
703,2015,Azerbaijan,0,0,0
704,2015,Bangladesh,146,4073354,6
705,2015,Brazil,5,16407,1
706,2015,Burundi,11,2870,73
707,2015,Cameroon,0,0,333
708,2015,Central African Republic,1,1116,416
709,2015,Chad,0,0,119
710,2015,China,345,3124752,5
711,2015,Colombia,104,119348,5
712,2015,Congo,0,0,0
713,2015,Dem. Rep. of the Congo,6,57393,474
714,2015,Egypt,135,201,231
715,2015,Ethiopia,0,0,221
716,2015,France,3,750,130
717,2015,Guatemala,352,57957,0
718,2015,Guinea,7,492,3
719,2015,India,648,13866869,111
720,2015,Indonesia,54,443083,4
721,2015,Iran,0,0,0
722,2015,Iraq,58,65000,1616
723,2015,Israel,0,0,8
724,2015,Jordan,0,0,1
725,2015,Kenya,138,245299,167
726,2015,Kuwait,0,0,26
727,2015,Kyrgyzstan,0,0,0
728,2015,Lebanon,5,1000750,0
729,2015,Libya,0,0,261
730,2015,Mali,0,0,17
731,2015,Mexico,42,18791,29
732,2015,Mozambique,160,177645,0
733,2015,Myanmar (Burma),0,0,55
734,2015,Netherlands,0,0,0
735,2015,Niger,0,0,204
736,2015,Nigeria,150,102528,3785
737,2015,Pakistan,1561,587742,324
738,2015,Peru,30,203855,0
739,2015,Philippines,0,0,54
740,2015,Russia (Soviet Union),0,0,2
741,2015,Saudi Arabia,10,259,44
742,2015,Somalia,0,0,132
743,2015,South Africa,0,0,0
744,2015,South Sudan,47,1818,448
745,2015,Sudan,0,0,590
746,2015,Syria,0,0,14561
747,2015,Thailand,0,0,37
748,2015,Tunisia,0,0,61
749,2015,Turkey,8,6500,180
750,2015,Ukraine,0,0,345
751,2015,United States of America,0,0,14
752,2015,Venezuela,0,0,32
753,2015,Yemen (North Yemen),0,0,1449
754,2016,Afghanistan,0,0,1084
755,2016,Algeria,0,0,0
756,2016,Angola,29,8355,1
757,2016,Armenia,0,0,0
758,2016,Azerbaijan,0,0,7
759,2016,Bangladesh,139,3103625,32
760,2016,Belgium,0,0,32
761,2016,Brazil,0,0,3
762,2016,Burkina Faso,15,34893,1
763,2016,Burundi,0,0,71
764,2016,Cameroon,0,0,303
765,2016,Central African Republic,21,266,451
766,2016,Chad,0,0,5
767,2016,Colombia,4,2200,3
768,2016,Congo,0,0,42
769,2016,Dem. Rep. of the Congo,50,10000,611
770,2016,Egypt,26,32572,36
771,2016,Eritrea,0,0,0
772,2016,Ethiopia,128,493080,390
773,2016,France,0,0,87
774,2016,Germany,0,0,12
775,2016,Honduras,1,151,0
776,2016,India,118,2010924,142
777,2016,Iran,0,0,1
778,2016,Iraq,0,0,3570
779,2016,Israel,0,0,7
780,2016,Ivory Coast,0,0,16
781,2016,Jordan,0,0,3
782,2016,Kenya,3,1000,36
783,2016,Lebanon,0,0,5
784,2016,Libya,0,0,37
785,2016,Mali,13,9500,35
786,2016,Mexico,74,62500,8
787,2016,Mozambique,12,1700,16
788,2016,Myanmar (Burma),0,0,61
789,2016,Niger,0,0,25
790,2016,Nigeria,80,13013,637
791,2016,Pakistan,351,8132,384
792,2016,Peru,31,11493,2
793,2016,Philippines,0,0,61
794,2016,Russia (Soviet Union),0,0,1
795,2016,Rwanda,50,30030,21
796,2016,Saudi Arabia,15,133,20
797,2016,Somalia,0,0,274
798,2016,South Africa,17,620,0
799,2016,South Sudan,68,3826,354
800,2016,Sudan,0,0,790
801,2016,Syria,0,0,13224
802,2016,Thailand,3,22500,27
803,2016,Tunisia,0,0,11
804,2016,Turkey,18,15,208
805,2016,Uganda,19,1590,0
806,2016,Ukraine,0,0,32
807,2016,Venezuela,0,0,58
808,2016,Yemen (North Yemen),0,0,608
809,2017,Afghanistan,86,9418,1060
810,2017,Algeria,0,0,0
811,2017,Angola,11,30250,1
812,2017,Azerbaijan,0,0,2
813,2017,Bangladesh,167,3380199,3
814,2017,Brazil,14,104140,1
815,2017,Burkina Faso,0,0,37
816,2017,Burundi,6,810,38
817,2017,Cameroon,3,12890,227
818,2017,Central African Republic,0,0,951
819,2017,Chad,0,0,3
820,2017,China,273,513676,0
821,2017,Colombia,381,48892,14
822,2017,Congo,0,0,0
823,2017,Dem. Rep. of the Congo,207,33,1752
824,2017,Egypt,0,0,416
825,2017,Ethiopia,0,0,173
826,2017,India,1096,1860394,179
827,2017,Indonesia,88,389087,0
828,2017,Iran,0,0,18
829,2017,Iraq,10,5969,719
830,2017,Israel,0,0,0
831,2017,Kenya,26,25000,80
832,2017,Lebanon,0,0,5
833,2017,Libya,0,0,56
834,2017,Madagascar (Malagasy),0,0,1
835,2017,Malaysia,2,13000,0
836,2017,Mali,0,0,82
837,2017,Mexico,498,1459760,26
838,2017,Mozambique,7,750102,3
839,2017,Myanmar (Burma),0,0,1879
840,2017,Niger,0,0,28
841,2017,Nigeria,0,0,904
842,2017,Pakistan,191,2593,425
843,2017,Peru,0,0,0
844,2017,Philippines,0,0,108
845,2017,Russia (Soviet Union),0,0,0
846,2017,Rwanda,3,5874,10
847,2017,Saudi Arabia,0,0,1
848,2017,Somalia,0,0,225
849,2017,South Sudan,0,0,358
850,2017,Spain,0,0,16
851,2017,Sri Lanka,27,160077,1
852,2017,Sudan,0,0,64
853,2017,Sweden,0,0,5
854,2017,Syria,0,0,12115
855,2017,Tanzania,0,0,1
856,2017,Thailand,118,2185498,9
857,2017,Tunisia,0,0,0
858,2017,Turkey,0,0,50
859,2017,Uganda,17,14,0
860,2017,Ukraine,0,0,35
861,2017,United States of America,0,0,8
862,2017,Venezuela,0,0,45
863,2017,Yemen (North Yemen),0,0,423
864,2018,Afghanistan,0,0,1854
865,2018,Algeria,6,200,2
866,2018,Angola,8,3000,22
867,2018,Armenia,0,0,0
868,2018,Azerbaijan,0,0,0
869,2018,Bangladesh,0,0,3
870,2018,Brazil,15,300,4
871,2018,Burkina Faso,0,0,94
872,2018,Burundi,0,0,108
873,2018,Cameroon,0,0,263
874,2018,Central African Republic,0,0,320
875,2018,Chad,0,0,28
876,2018,Colombia,0,0,30
877,2018,Dem. Rep. of the Congo,0,0,685
878,2018,Djibouti,0,0,0
879,2018,Egypt,0,0,21
880,2018,Ethiopia,44,21,233
881,2018,France,6,30,9
882,2018,Haiti,17,39336,0
883,2018,India,892,24085378,125
884,2018,Indonesia,4779,2704383,10
885,2018,Iran,0,0,2
886,2018,Iraq,21,25000,107
887,2018,Israel,0,0,15
888,2018,Kenya,0,0,37
889,2018,Lebanon,0,0,0
890,2018,Libya,0,0,68
891,2018,Mali,0,0,583
892,2018,Mexico,26,10120,15
893,2018,Mozambique,0,0,120
894,2018,Myanmar (Burma),0,0,37
895,2018,Niger,0,0,77
896,2018,Nigeria,0,0,580
897,2018,Pakistan,0,0,296
898,2018,Philippines,0,0,23
899,2018,Russia (Soviet Union),0,0,6
900,2018,Rwanda,42,26063,0
901,2018,Saudi Arabia,0,0,0
902,2018,Senegal,0,0,1
903,2018,Somalia,58,928000,257
904,2018,South Africa,0,0,1
905,2018,South Sudan,0,0,434
906,2018,Sudan,0,0,92
907,2018,Syria,0,0,5978
908,2018,Tajikistan,0,0,4
909,2018,Tanzania,0,0,1
910,2018,Thailand,0,0,23
911,2018,Tunisia,6,30000,1
912,2018,Turkey,24,100,6
913,2018,Uganda,0,0,2
914,2018,Ukraine,0,0,30
915,2018,Venezuela,0,0,54
916,2018,Yemen (North Yemen),0,0,251
917,2018,Zimbabwe (Rhodesia),0,0,4
918,2019,Afghanistan,24,561,1759
919,2019,Algeria,8,125025,0
920,2019,Angola,52,15445,1
921,2019,Armenia,0,0,1
922,2019,Azerbaijan,0,0,1
923,2019,Bangladesh,131,284067,0
924,2019,Benin,0,0,1
925,2019,Brazil,7,30000,2
926,2019,Burkina Faso,0,0,896
927,2019,Burundi,37,9942,59
928,2019,Cameroon,0,0,241
929,2019,Central African Republic,0,0,147
930,2019,Chad,52,37,46
931,2019,Colombia,0,0,9
932,2019,Congo,0,0,0
933,2019,Dem. Rep. of the Congo,78,400354,1062
934,2019,Egypt,0,0,73
935,2019,Ethiopia,0,0,111
936,2019,Guinea,0,0,1
937,2019,Haiti,6,1325,1
938,2019,India,84,20130450,158
939,2019,Indonesia,429,835774,3
940,2019,Iran,0,0,240
941,2019,Iraq,0,0,88
942,2019,Israel,0,0,36
943,2019,Kenya,213,237306,34
944,2019,Kingdom of eSwatini (Swaziland),0,0,1
945,2019,Liberia,0,0,0
946,2019,Libya,0,0,267
947,2019,Madagascar (Malagasy),0,0,3
948,2019,Mali,0,0,528
949,2019,Mexico,3,1200,28
950,2019,Mozambique,648,1901594,321
951,2019,Myanmar (Burma),0,0,84
952,2019,Niger,0,0,163
953,2019,Nigeria,0,0,471
954,2019,Pakistan,216,131444,93
955,2019,Papua New Guinea,2,350,0
956,2019,Peru,17,4300,2
957,2019,Philippines,0,0,54
958,2019,Russia (Soviet Union),0,0,0
959,2019,Rwanda,0,0,0
960,2019,Saudi Arabia,0,0,1
961,2019,Somalia,23,530000,265
962,2019,South Africa,4,20,1
963,2019,South Sudan,3,234800,150
964,2019,Sri Lanka,1,136607,226
965,2019,Sudan,0,0,181
966,2019,Syria,0,0,2453
967,2019,Tajikistan,4,6750,0
968,2019,Tanzania,0,0,6
969,2019,Thailand,7,720885,13
970,2019,Togo,0,0,1
971,2019,Tunisia,0,0,1
972,2019,Turkey,19,16743,20
973,2019,Uganda,127,139553,2
974,2019,Ukraine,0,0,15
975,2019,United Kingdom,0,0,3
976,2019,Venezuela,0,0,77
977,2019,Yemen (North Yemen),0,0,151
978,2019,Zimbabwe (Rhodesia),0,0,8
979,2020,Afghanistan,323,51817,1644
980,2020,Algeria,0,0,0
981,2020,Angola,30,10600,5
982,2020,Armenia,0,0,5
983,2020,Austria,0,0,4
984,2020,Azerbaijan,0,0,134
985,2020,Bangladesh,26,2600000,4
986,2020,Brazil,12,1119,17
987,2020,Burkina Faso,0,0,554
988,2020,Burundi,2,5000,83
989,2020,Cameroon,0,0,429
990,2020,Central African Republic,0,0,88
991,2020,Chad,0,0,29
992,2020,Colombia,55,228169,12
993,2020,Congo,0,0,0
994,2020,Dem. Rep. of the Congo,13,35422,2215
995,2020,Egypt,40,20400,61
996,2020,Ethiopia,0,0,2929
997,2020,Guinea,0,0,0
998,2020,Haiti,0,0,128
999,2020,Honduras,129,5145784,0
1000,2020,India,117,18163350,143
1001,2020,Indonesia,30,95962,2
1002,2020,Iran,0,0,205
1003,2020,Iraq,0,0,82
1004,2020,Israel,0,0,2
1005,2020,Kenya,0,0,39
1006,2020,Kingdom of eSwatini (Swaziland),0,0,1
1007,2020,Lebanon,0,0,1
1008,2020,Liberia,0,0,2
1009,2020,Libya,0,0,126
1010,2020,Madagascar (Malagasy),0,0,23
1011,2020,Mali,0,0,515
1012,2020,Mauritania,0,0,0
1013,2020,Mexico,16,27893,111
1014,2020,Morocco,0,0,0
1015,2020,Mozambique,0,0,769
1016,2020,Myanmar (Burma),0,0,134
1017,2020,Niger,0,0,291
1018,2020,Nigeria,0,0,571
1019,2020,Pakistan,173,1004940,62
1020,2020,Peru,30,6474,0
1021,2020,Philippines,0,0,37
1022,2020,Russia (Soviet Union),0,0,1
1023,2020,Saudi Arabia,0,0,0
1024,2020,Senegal,0,0,0
1025,2020,Somalia,15,311000,254
1026,2020,South Africa,13,410,5
1027,2020,South Sudan,0,0,89
1028,2020,Sudan,0,0,66
1029,2020,Syria,0,0,725
1030,2020,Tanzania,0,0,35
1031,2020,Thailand,36,1006582,1
1032,2020,Tunisia,6,40000,1
1033,2020,Turkey,217,87532,13
1034,2020,Ukraine,16,1968,20
1035,2020,United Kingdom,0,0,0
1036,2020,Venezuela,0,0,3
1037,2020,Yemen (North Yemen),0,0,523
1038,2020,Zimbabwe (Rhodesia),0,0,2
1039,2021,Afghanistan,376,35033,1724
1040,2021,Algeria,10,2500,5
1041,2021,Angola,22,9937,13
1042,2021,Armenia,0,0,0
1043,2021,Azerbaijan,0,0,12
1044,2021,Bangladesh,3,1300000,1
1045,2021,Bolivia,0,0,0
1046,2021,Brazil,3,2643,30
1047,2021,Burkina Faso,0,0,471
1048,2021,Burundi,0,0,66
1049,2021,Cameroon,0,0,245
1050,2021,Central African Republic,0,0,399
1051,2021,Chad,0,0,22
1052,2021,Colombia,20,10,5
1053,2021,Dem. Rep. of the Congo,237,291066,2326
1054,2021,Djibouti,0,0,0
1055,2021,Egypt,0,0,26
1056,2021,Ethiopia,0,0,4288
1057,2021,Guinea,0,0,0
1058,2021,Haiti,2582,716143,85
1059,2021,Honduras,0,0,0
1060,2021,India,303,2509348,90
1061,2021,Indonesia,463,644717,7
1062,2021,Iran,0,0,22
1063,2021,Iraq,14,7500,201
1064,2021,Israel,0,0,155
1065,2021,Kenya,0,0,27
1066,2021,Kingdom of eSwatini (Swaziland),0,0,46
1067,2021,Kyrgyzstan,0,0,30
1068,2021,Libya,0,0,0
1069,2021,Mali,0,0,246
1070,2021,Mexico,34,26695,110
1071,2021,Morocco,0,0,3
1072,2021,Mozambique,11,481901,346
1073,2021,Myanmar (Burma),0,0,790
1074,2021,Niger,0,0,651
1075,2021,Nigeria,4,830,276
1076,2021,Pakistan,49,64225,49
1077,2021,Papua New Guinea,0,0,0
1078,2021,Peru,11,13875,2
1079,2021,Philippines,0,0,27
1080,2021,Russia (Soviet Union),0,0,0
1081,2021,Saudi Arabia,0,0,5
1082,2021,Senegal,0,0,0
1083,2021,Somalia,0,0,245
1084,2021,South Africa,27,12037,1
1085,2021,South Sudan,0,0,51
1086,2021,Sudan,0,0,110
1087,2021,Syria,0,0,403
1088,2021,Tajikistan,5,100,3
1089,2021,Tanzania,0,0,12
1090,2021,Thailand,0,0,5
1091,2021,Tunisia,0,0,5
1092,2021,Turkey,9,561088,0
1093,2021,Uganda,0,0,7
1094,2021,Ukraine,1,1700,18
1095,2021,Venezuela,0,0,19
1096,2021,Yemen (North Yemen),0,0,529
